{
  "arch": "x86_64",
  "build": "py36_0",
  "build_number": 0,
  "channel": "https://repo.anaconda.com/pkgs/main/osx-64",
  "constrains": [],
  "depends": [
    "python >=3.6,<3.7.0a0"
  ],
  "extracted_package_dir": "/anaconda3/pkgs/certifi-2018.10.15-py36_0",
  "features": "",
  "files": [
    "lib/python3.6/site-packages/certifi-2018.10.15-py3.6.egg-info",
    "lib/python3.6/site-packages/certifi/__init__.py",
    "lib/python3.6/site-packages/certifi/__main__.py",
    "lib/python3.6/site-packages/certifi/__pycache__/__init__.cpython-36.pyc",
    "lib/python3.6/site-packages/certifi/__pycache__/__main__.cpython-36.pyc",
    "lib/python3.6/site-packages/certifi/__pycache__/core.cpython-36.pyc",
    "lib/python3.6/site-packages/certifi/cacert.pem",
    "lib/python3.6/site-packages/certifi/core.py"
  ],
  "fn": "certifi-2018.10.15-py36_0.tar.bz2",
  "license": "ISC",
  "link": {
    "source": "/anaconda3/pkgs/certifi-2018.10.15-py36_0",
    "type": 1
  },
  "md5": "9742f6c00f52bb9bdf6c9ae7389beaa8",
  "name": "certifi",
  "package_tarball_full_path": "/anaconda3/pkgs/certifi-2018.10.15-py36_0.tar.bz2",
  "paths_data": {
    "paths": [
      {
        "_path": "lib/python3.6/site-packages/certifi-2018.10.15-py3.6.egg-info",
        "path_type": "hardlink",
        "sha256": "3919ded108648a7a67f2912f8715308652557670dbd9c9d7f73bd5f1b250a358",
        "sha256_in_prefix": "3919ded108648a7a67f2912f8715308652557670dbd9c9d7f73bd5f1b250a358",
        "size_in_bytes": 3000
      },
      {
        "_path": "lib/python3.6/site-packages/certifi/__init__.py",
        "path_type": "hardlink",
        "sha256": "1c191df72ed297a101e9416abd76ad83f10aebed080e1f22c6d87d6ba2ee609e",
        "sha256_in_prefix": "1c191df72ed297a101e9416abd76ad83f10aebed080e1f22c6d87d6ba2ee609e",
        "size_in_bytes": 63
      },
      {
        "_path": "lib/python3.6/site-packages/certifi/__main__.py",
        "path_type": "hardlink",
        "sha256": "162398b75165b6cb7bc24f4345ae860a806bf2a054c65350bbf30a25fd3813ab",
        "sha256_in_prefix": "162398b75165b6cb7bc24f4345ae860a806bf2a054c65350bbf30a25fd3813ab",
        "size_in_bytes": 41
      },
      {
        "_path": "lib/python3.6/site-packages/certifi/__pycache__/__init__.cpython-36.pyc",
        "path_type": "hardlink",
        "sha256": "35bfdf946c45a0c836672af91c4add9c44394a08a9515ebaab6b036ffbd99224",
        "sha256_in_prefix": "35bfdf946c45a0c836672af91c4add9c44394a08a9515ebaab6b036ffbd99224",
        "size_in_bytes": 215
      },
      {
        "_path": "lib/python3.6/site-packages/certifi/__pycache__/__main__.cpython-36.pyc",
        "path_type": "hardlink",
        "sha256": "c9a6c77ce469f80cf327424500e96d3808c708a75a45f40d89aa25a6b9a4e03c",
        "sha256_in_prefix": "c9a6c77ce469f80cf327424500e96d3808c708a75a45f40d89aa25a6b9a4e03c",
        "size_in_bytes": 186
      },
      {
        "_path": "lib/python3.6/site-packages/certifi/__pycache__/core.cpython-36.pyc",
        "path_type": "hardlink",
        "sha256": "057291df8ed53781f379d8eb0ad722dda3b48b4d20c1f36ea9aec7c4fe8abd56",
        "sha256_in_prefix": "057291df8ed53781f379d8eb0ad722dda3b48b4d20c1f36ea9aec7c4fe8abd56",
        "size_in_bytes": 1150
      },
      {
        "_path": "lib/python3.6/site-packages/certifi/cacert.pem",
        "path_type": "hardlink",
        "sha256": "c3d80fe76b0690ffaa37d712b443ef82f4e601d4a9a6488368f995e1ea2169bc",
        "sha256_in_prefix": "c3d80fe76b0690ffaa37d712b443ef82f4e601d4a9a6488368f995e1ea2169bc",
        "size_in_bytes": 261241
      },
      {
        "_path": "lib/python3.6/site-packages/certifi/core.py",
        "path_type": "hardlink",
        "sha256": "c4f403746fec8b2e40ec17ea1966bb44985c03ad715c4a8f892af0f463728471",
        "sha256_in_prefix": "c4f403746fec8b2e40ec17ea1966bb44985c03ad715c4a8f892af0f463728471",
        "size_in_bytes": 836
      }
    ],
    "paths_version": 1
  },
  "platform": "darwin",
  "requested_spec": "None",
  "size": 141693,
  "subdir": "osx-64",
  "timestamp": 1539630981190,
  "track_features": "",
  "url": "https://repo.anaconda.com/pkgs/main/osx-64/certifi-2018.10.15-py36_0.tar.bz2",
  "version": "2018.10.15"
}