{
  "arch": "x86_64",
  "build": "hcfea43d_1",
  "build_number": 1,
  "channel": "https://repo.anaconda.com/pkgs/main/osx-64",
  "constrains": [],
  "depends": [],
  "extracted_package_dir": "/anaconda3/pkgs/libcxxabi-4.0.1-hcfea43d_1",
  "features": "",
  "files": [
    "lib/libc++abi.1.0.dylib",
    "lib/libc++abi.1.dylib",
    "lib/libc++abi.a",
    "lib/libc++abi.dylib"
  ],
  "fn": "libcxxabi-4.0.1-hcfea43d_1.tar.bz2",
  "license": "MIT license or UIUC License",
  "license_family": "Other",
  "link": {
    "source": "/anaconda3/pkgs/libcxxabi-4.0.1-hcfea43d_1",
    "type": 1
  },
  "md5": "b06555a43b9c0857b87b342115bea761",
  "name": "libcxxabi",
  "package_tarball_full_path": "/anaconda3/pkgs/libcxxabi-4.0.1-hcfea43d_1.tar.bz2",
  "paths_data": {
    "paths": [
      {
        "_path": "lib/libc++abi.1.0.dylib",
        "path_type": "hardlink",
        "sha256": "75d1e8ba7541c334895f513fd83c3515e06b9e3b3f1cc158d7a0622fe1067748",
        "sha256_in_prefix": "75d1e8ba7541c334895f513fd83c3515e06b9e3b3f1cc158d7a0622fe1067748",
        "size_in_bytes": 297040
      },
      {
        "_path": "lib/libc++abi.1.dylib",
        "path_type": "softlink",
        "sha256": "75d1e8ba7541c334895f513fd83c3515e06b9e3b3f1cc158d7a0622fe1067748",
        "size_in_bytes": 297040
      },
      {
        "_path": "lib/libc++abi.a",
        "path_type": "hardlink",
        "sha256": "8b4a445c9ac1878ba369a9ba6ae316ebf07dd4f23667747ba29bfe74db8974f1",
        "sha256_in_prefix": "8b4a445c9ac1878ba369a9ba6ae316ebf07dd4f23667747ba29bfe74db8974f1",
        "size_in_bytes": 356968
      },
      {
        "_path": "lib/libc++abi.dylib",
        "path_type": "softlink",
        "sha256": "75d1e8ba7541c334895f513fd83c3515e06b9e3b3f1cc158d7a0622fe1067748",
        "size_in_bytes": 297040
      }
    ],
    "paths_version": 1
  },
  "platform": "darwin",
  "requested_spec": "None",
  "size": 468900,
  "subdir": "osx-64",
  "timestamp": 1540686629315,
  "track_features": "",
  "url": "https://repo.anaconda.com/pkgs/main/osx-64/libcxxabi-4.0.1-hcfea43d_1.tar.bz2",
  "version": "4.0.1"
}