{
  "arch": "x86_64",
  "build": "py36_0",
  "build_number": 0,
  "channel": "https://repo.anaconda.com/pkgs/main/osx-64",
  "constrains": [],
  "depends": [
    "certifi >=2016.09",
    "python >=3.6,<3.7.0a0"
  ],
  "extracted_package_dir": "/anaconda3/pkgs/setuptools-40.4.3-py36_0",
  "features": "",
  "files": [
    "bin/easy_install",
    "lib/python3.6/site-packages/__pycache__/easy_install.cpython-36.pyc",
    "lib/python3.6/site-packages/easy_install.py",
    "lib/python3.6/site-packages/pkg_resources/__init__.py",
    "lib/python3.6/site-packages/pkg_resources/__pycache__/__init__.cpython-36.pyc",
    "lib/python3.6/site-packages/pkg_resources/__pycache__/py31compat.cpython-36.pyc",
    "lib/python3.6/site-packages/pkg_resources/_vendor/__init__.py",
    "lib/python3.6/site-packages/pkg_resources/_vendor/__pycache__/__init__.cpython-36.pyc",
    "lib/python3.6/site-packages/pkg_resources/_vendor/__pycache__/appdirs.cpython-36.pyc",
    "lib/python3.6/site-packages/pkg_resources/_vendor/__pycache__/pyparsing.cpython-36.pyc",
    "lib/python3.6/site-packages/pkg_resources/_vendor/__pycache__/six.cpython-36.pyc",
    "lib/python3.6/site-packages/pkg_resources/_vendor/appdirs.py",
    "lib/python3.6/site-packages/pkg_resources/_vendor/packaging/__about__.py",
    "lib/python3.6/site-packages/pkg_resources/_vendor/packaging/__init__.py",
    "lib/python3.6/site-packages/pkg_resources/_vendor/packaging/__pycache__/__about__.cpython-36.pyc",
    "lib/python3.6/site-packages/pkg_resources/_vendor/packaging/__pycache__/__init__.cpython-36.pyc",
    "lib/python3.6/site-packages/pkg_resources/_vendor/packaging/__pycache__/_compat.cpython-36.pyc",
    "lib/python3.6/site-packages/pkg_resources/_vendor/packaging/__pycache__/_structures.cpython-36.pyc",
    "lib/python3.6/site-packages/pkg_resources/_vendor/packaging/__pycache__/markers.cpython-36.pyc",
    "lib/python3.6/site-packages/pkg_resources/_vendor/packaging/__pycache__/requirements.cpython-36.pyc",
    "lib/python3.6/site-packages/pkg_resources/_vendor/packaging/__pycache__/specifiers.cpython-36.pyc",
    "lib/python3.6/site-packages/pkg_resources/_vendor/packaging/__pycache__/utils.cpython-36.pyc",
    "lib/python3.6/site-packages/pkg_resources/_vendor/packaging/__pycache__/version.cpython-36.pyc",
    "lib/python3.6/site-packages/pkg_resources/_vendor/packaging/_compat.py",
    "lib/python3.6/site-packages/pkg_resources/_vendor/packaging/_structures.py",
    "lib/python3.6/site-packages/pkg_resources/_vendor/packaging/markers.py",
    "lib/python3.6/site-packages/pkg_resources/_vendor/packaging/requirements.py",
    "lib/python3.6/site-packages/pkg_resources/_vendor/packaging/specifiers.py",
    "lib/python3.6/site-packages/pkg_resources/_vendor/packaging/utils.py",
    "lib/python3.6/site-packages/pkg_resources/_vendor/packaging/version.py",
    "lib/python3.6/site-packages/pkg_resources/_vendor/pyparsing.py",
    "lib/python3.6/site-packages/pkg_resources/_vendor/six.py",
    "lib/python3.6/site-packages/pkg_resources/extern/__init__.py",
    "lib/python3.6/site-packages/pkg_resources/extern/__pycache__/__init__.cpython-36.pyc",
    "lib/python3.6/site-packages/pkg_resources/py31compat.py",
    "lib/python3.6/site-packages/setuptools-40.4.3-py3.6.egg-info/PKG-INFO",
    "lib/python3.6/site-packages/setuptools-40.4.3-py3.6.egg-info/SOURCES.txt",
    "lib/python3.6/site-packages/setuptools-40.4.3-py3.6.egg-info/dependency_links.txt",
    "lib/python3.6/site-packages/setuptools-40.4.3-py3.6.egg-info/entry_points.txt",
    "lib/python3.6/site-packages/setuptools-40.4.3-py3.6.egg-info/top_level.txt",
    "lib/python3.6/site-packages/setuptools-40.4.3-py3.6.egg-info/zip-safe",
    "lib/python3.6/site-packages/setuptools/__init__.py",
    "lib/python3.6/site-packages/setuptools/__pycache__/__init__.cpython-36.pyc",
    "lib/python3.6/site-packages/setuptools/__pycache__/archive_util.cpython-36.pyc",
    "lib/python3.6/site-packages/setuptools/__pycache__/build_meta.cpython-36.pyc",
    "lib/python3.6/site-packages/setuptools/__pycache__/config.cpython-36.pyc",
    "lib/python3.6/site-packages/setuptools/__pycache__/dep_util.cpython-36.pyc",
    "lib/python3.6/site-packages/setuptools/__pycache__/depends.cpython-36.pyc",
    "lib/python3.6/site-packages/setuptools/__pycache__/dist.cpython-36.pyc",
    "lib/python3.6/site-packages/setuptools/__pycache__/extension.cpython-36.pyc",
    "lib/python3.6/site-packages/setuptools/__pycache__/glibc.cpython-36.pyc",
    "lib/python3.6/site-packages/setuptools/__pycache__/glob.cpython-36.pyc",
    "lib/python3.6/site-packages/setuptools/__pycache__/launch.cpython-36.pyc",
    "lib/python3.6/site-packages/setuptools/__pycache__/lib2to3_ex.cpython-36.pyc",
    "lib/python3.6/site-packages/setuptools/__pycache__/monkey.cpython-36.pyc",
    "lib/python3.6/site-packages/setuptools/__pycache__/msvc.cpython-36.pyc",
    "lib/python3.6/site-packages/setuptools/__pycache__/namespaces.cpython-36.pyc",
    "lib/python3.6/site-packages/setuptools/__pycache__/package_index.cpython-36.pyc",
    "lib/python3.6/site-packages/setuptools/__pycache__/pep425tags.cpython-36.pyc",
    "lib/python3.6/site-packages/setuptools/__pycache__/py27compat.cpython-36.pyc",
    "lib/python3.6/site-packages/setuptools/__pycache__/py31compat.cpython-36.pyc",
    "lib/python3.6/site-packages/setuptools/__pycache__/py33compat.cpython-36.pyc",
    "lib/python3.6/site-packages/setuptools/__pycache__/py36compat.cpython-36.pyc",
    "lib/python3.6/site-packages/setuptools/__pycache__/sandbox.cpython-36.pyc",
    "lib/python3.6/site-packages/setuptools/__pycache__/site-patch.cpython-36.pyc",
    "lib/python3.6/site-packages/setuptools/__pycache__/ssl_support.cpython-36.pyc",
    "lib/python3.6/site-packages/setuptools/__pycache__/unicode_utils.cpython-36.pyc",
    "lib/python3.6/site-packages/setuptools/__pycache__/version.cpython-36.pyc",
    "lib/python3.6/site-packages/setuptools/__pycache__/wheel.cpython-36.pyc",
    "lib/python3.6/site-packages/setuptools/__pycache__/windows_support.cpython-36.pyc",
    "lib/python3.6/site-packages/setuptools/_vendor/__init__.py",
    "lib/python3.6/site-packages/setuptools/_vendor/__pycache__/__init__.cpython-36.pyc",
    "lib/python3.6/site-packages/setuptools/_vendor/__pycache__/pyparsing.cpython-36.pyc",
    "lib/python3.6/site-packages/setuptools/_vendor/__pycache__/six.cpython-36.pyc",
    "lib/python3.6/site-packages/setuptools/_vendor/packaging/__about__.py",
    "lib/python3.6/site-packages/setuptools/_vendor/packaging/__init__.py",
    "lib/python3.6/site-packages/setuptools/_vendor/packaging/__pycache__/__about__.cpython-36.pyc",
    "lib/python3.6/site-packages/setuptools/_vendor/packaging/__pycache__/__init__.cpython-36.pyc",
    "lib/python3.6/site-packages/setuptools/_vendor/packaging/__pycache__/_compat.cpython-36.pyc",
    "lib/python3.6/site-packages/setuptools/_vendor/packaging/__pycache__/_structures.cpython-36.pyc",
    "lib/python3.6/site-packages/setuptools/_vendor/packaging/__pycache__/markers.cpython-36.pyc",
    "lib/python3.6/site-packages/setuptools/_vendor/packaging/__pycache__/requirements.cpython-36.pyc",
    "lib/python3.6/site-packages/setuptools/_vendor/packaging/__pycache__/specifiers.cpython-36.pyc",
    "lib/python3.6/site-packages/setuptools/_vendor/packaging/__pycache__/utils.cpython-36.pyc",
    "lib/python3.6/site-packages/setuptools/_vendor/packaging/__pycache__/version.cpython-36.pyc",
    "lib/python3.6/site-packages/setuptools/_vendor/packaging/_compat.py",
    "lib/python3.6/site-packages/setuptools/_vendor/packaging/_structures.py",
    "lib/python3.6/site-packages/setuptools/_vendor/packaging/markers.py",
    "lib/python3.6/site-packages/setuptools/_vendor/packaging/requirements.py",
    "lib/python3.6/site-packages/setuptools/_vendor/packaging/specifiers.py",
    "lib/python3.6/site-packages/setuptools/_vendor/packaging/utils.py",
    "lib/python3.6/site-packages/setuptools/_vendor/packaging/version.py",
    "lib/python3.6/site-packages/setuptools/_vendor/pyparsing.py",
    "lib/python3.6/site-packages/setuptools/_vendor/six.py",
    "lib/python3.6/site-packages/setuptools/archive_util.py",
    "lib/python3.6/site-packages/setuptools/build_meta.py",
    "lib/python3.6/site-packages/setuptools/cli-32.exe",
    "lib/python3.6/site-packages/setuptools/cli-64.exe",
    "lib/python3.6/site-packages/setuptools/cli.exe",
    "lib/python3.6/site-packages/setuptools/command/__init__.py",
    "lib/python3.6/site-packages/setuptools/command/__pycache__/__init__.cpython-36.pyc",
    "lib/python3.6/site-packages/setuptools/command/__pycache__/alias.cpython-36.pyc",
    "lib/python3.6/site-packages/setuptools/command/__pycache__/bdist_egg.cpython-36.pyc",
    "lib/python3.6/site-packages/setuptools/command/__pycache__/bdist_rpm.cpython-36.pyc",
    "lib/python3.6/site-packages/setuptools/command/__pycache__/bdist_wininst.cpython-36.pyc",
    "lib/python3.6/site-packages/setuptools/command/__pycache__/build_clib.cpython-36.pyc",
    "lib/python3.6/site-packages/setuptools/command/__pycache__/build_ext.cpython-36.pyc",
    "lib/python3.6/site-packages/setuptools/command/__pycache__/build_py.cpython-36.pyc",
    "lib/python3.6/site-packages/setuptools/command/__pycache__/develop.cpython-36.pyc",
    "lib/python3.6/site-packages/setuptools/command/__pycache__/dist_info.cpython-36.pyc",
    "lib/python3.6/site-packages/setuptools/command/__pycache__/easy_install.cpython-36.pyc",
    "lib/python3.6/site-packages/setuptools/command/__pycache__/egg_info.cpython-36.pyc",
    "lib/python3.6/site-packages/setuptools/command/__pycache__/install.cpython-36.pyc",
    "lib/python3.6/site-packages/setuptools/command/__pycache__/install_egg_info.cpython-36.pyc",
    "lib/python3.6/site-packages/setuptools/command/__pycache__/install_lib.cpython-36.pyc",
    "lib/python3.6/site-packages/setuptools/command/__pycache__/install_scripts.cpython-36.pyc",
    "lib/python3.6/site-packages/setuptools/command/__pycache__/py36compat.cpython-36.pyc",
    "lib/python3.6/site-packages/setuptools/command/__pycache__/register.cpython-36.pyc",
    "lib/python3.6/site-packages/setuptools/command/__pycache__/rotate.cpython-36.pyc",
    "lib/python3.6/site-packages/setuptools/command/__pycache__/saveopts.cpython-36.pyc",
    "lib/python3.6/site-packages/setuptools/command/__pycache__/sdist.cpython-36.pyc",
    "lib/python3.6/site-packages/setuptools/command/__pycache__/setopt.cpython-36.pyc",
    "lib/python3.6/site-packages/setuptools/command/__pycache__/test.cpython-36.pyc",
    "lib/python3.6/site-packages/setuptools/command/__pycache__/upload.cpython-36.pyc",
    "lib/python3.6/site-packages/setuptools/command/__pycache__/upload_docs.cpython-36.pyc",
    "lib/python3.6/site-packages/setuptools/command/alias.py",
    "lib/python3.6/site-packages/setuptools/command/bdist_egg.py",
    "lib/python3.6/site-packages/setuptools/command/bdist_rpm.py",
    "lib/python3.6/site-packages/setuptools/command/bdist_wininst.py",
    "lib/python3.6/site-packages/setuptools/command/build_clib.py",
    "lib/python3.6/site-packages/setuptools/command/build_ext.py",
    "lib/python3.6/site-packages/setuptools/command/build_py.py",
    "lib/python3.6/site-packages/setuptools/command/develop.py",
    "lib/python3.6/site-packages/setuptools/command/dist_info.py",
    "lib/python3.6/site-packages/setuptools/command/easy_install.py",
    "lib/python3.6/site-packages/setuptools/command/egg_info.py",
    "lib/python3.6/site-packages/setuptools/command/install.py",
    "lib/python3.6/site-packages/setuptools/command/install_egg_info.py",
    "lib/python3.6/site-packages/setuptools/command/install_lib.py",
    "lib/python3.6/site-packages/setuptools/command/install_scripts.py",
    "lib/python3.6/site-packages/setuptools/command/launcher manifest.xml",
    "lib/python3.6/site-packages/setuptools/command/py36compat.py",
    "lib/python3.6/site-packages/setuptools/command/register.py",
    "lib/python3.6/site-packages/setuptools/command/rotate.py",
    "lib/python3.6/site-packages/setuptools/command/saveopts.py",
    "lib/python3.6/site-packages/setuptools/command/sdist.py",
    "lib/python3.6/site-packages/setuptools/command/setopt.py",
    "lib/python3.6/site-packages/setuptools/command/test.py",
    "lib/python3.6/site-packages/setuptools/command/upload.py",
    "lib/python3.6/site-packages/setuptools/command/upload_docs.py",
    "lib/python3.6/site-packages/setuptools/config.py",
    "lib/python3.6/site-packages/setuptools/dep_util.py",
    "lib/python3.6/site-packages/setuptools/depends.py",
    "lib/python3.6/site-packages/setuptools/dist.py",
    "lib/python3.6/site-packages/setuptools/extension.py",
    "lib/python3.6/site-packages/setuptools/extern/__init__.py",
    "lib/python3.6/site-packages/setuptools/extern/__pycache__/__init__.cpython-36.pyc",
    "lib/python3.6/site-packages/setuptools/glibc.py",
    "lib/python3.6/site-packages/setuptools/glob.py",
    "lib/python3.6/site-packages/setuptools/gui-32.exe",
    "lib/python3.6/site-packages/setuptools/gui-64.exe",
    "lib/python3.6/site-packages/setuptools/gui.exe",
    "lib/python3.6/site-packages/setuptools/launch.py",
    "lib/python3.6/site-packages/setuptools/lib2to3_ex.py",
    "lib/python3.6/site-packages/setuptools/monkey.py",
    "lib/python3.6/site-packages/setuptools/msvc.py",
    "lib/python3.6/site-packages/setuptools/namespaces.py",
    "lib/python3.6/site-packages/setuptools/package_index.py",
    "lib/python3.6/site-packages/setuptools/pep425tags.py",
    "lib/python3.6/site-packages/setuptools/py27compat.py",
    "lib/python3.6/site-packages/setuptools/py31compat.py",
    "lib/python3.6/site-packages/setuptools/py33compat.py",
    "lib/python3.6/site-packages/setuptools/py36compat.py",
    "lib/python3.6/site-packages/setuptools/sandbox.py",
    "lib/python3.6/site-packages/setuptools/script (dev).tmpl",
    "lib/python3.6/site-packages/setuptools/script.tmpl",
    "lib/python3.6/site-packages/setuptools/site-patch.py",
    "lib/python3.6/site-packages/setuptools/ssl_support.py",
    "lib/python3.6/site-packages/setuptools/unicode_utils.py",
    "lib/python3.6/site-packages/setuptools/version.py",
    "lib/python3.6/site-packages/setuptools/wheel.py",
    "lib/python3.6/site-packages/setuptools/windows_support.py"
  ],
  "fn": "setuptools-40.4.3-py36_0.tar.bz2",
  "license": "MIT",
  "license_family": "MIT",
  "link": {
    "source": "/anaconda3/pkgs/setuptools-40.4.3-py36_0",
    "type": 1
  },
  "md5": "300a08d2233f04bc1fd3fa0f98ae41cb",
  "name": "setuptools",
  "package_tarball_full_path": "/anaconda3/pkgs/setuptools-40.4.3-py36_0.tar.bz2",
  "paths_data": {
    "paths": [
      {
        "_path": "bin/easy_install",
        "file_mode": "text",
        "path_type": "hardlink",
        "prefix_placeholder": "/opt/anaconda1anaconda2anaconda3",
        "sha256": "7d8cb796688b07706383f874a0981d7b548c0dadd2e8c3a06b550678eb1b6b85",
        "sha256_in_prefix": "545abd73ac04f42cd819689ddac2492e19deed0d63b6579b79404ab8f946690b",
        "size_in_bytes": 261
      },
      {
        "_path": "lib/python3.6/site-packages/__pycache__/easy_install.cpython-36.pyc",
        "path_type": "hardlink",
        "sha256": "4eff5b7eed7ed7c616965f6f7d552589d70a0e20496a32bac4a4aa3543898c84",
        "sha256_in_prefix": "4eff5b7eed7ed7c616965f6f7d552589d70a0e20496a32bac4a4aa3543898c84",
        "size_in_bytes": 268
      },
      {
        "_path": "lib/python3.6/site-packages/easy_install.py",
        "path_type": "hardlink",
        "sha256": "3030bdbede40c43b175f9a9c2a5073d939d6e93a6ebff0286e77e1089f57dcf3",
        "sha256_in_prefix": "3030bdbede40c43b175f9a9c2a5073d939d6e93a6ebff0286e77e1089f57dcf3",
        "size_in_bytes": 126
      },
      {
        "_path": "lib/python3.6/site-packages/pkg_resources/__init__.py",
        "path_type": "hardlink",
        "sha256": "e904a5b3b19d3c33bfbc0e576c9353ee65f36afa02bf09451b39c66c48f937f3",
        "sha256_in_prefix": "e904a5b3b19d3c33bfbc0e576c9353ee65f36afa02bf09451b39c66c48f937f3",
        "size_in_bytes": 103987
      },
      {
        "_path": "lib/python3.6/site-packages/pkg_resources/__pycache__/__init__.cpython-36.pyc",
        "path_type": "hardlink",
        "sha256": "64de0cef4353d4d81d0eb98881e36350f787a1bf6874aa21703c9c84db7dff78",
        "sha256_in_prefix": "64de0cef4353d4d81d0eb98881e36350f787a1bf6874aa21703c9c84db7dff78",
        "size_in_bytes": 96045
      },
      {
        "_path": "lib/python3.6/site-packages/pkg_resources/__pycache__/py31compat.cpython-36.pyc",
        "path_type": "hardlink",
        "sha256": "87a36c7f6bd53d4d443e285f958b7fcb6ac3124f2ec4c70f8df0120558b62bc3",
        "sha256_in_prefix": "87a36c7f6bd53d4d443e285f958b7fcb6ac3124f2ec4c70f8df0120558b62bc3",
        "size_in_bytes": 593
      },
      {
        "_path": "lib/python3.6/site-packages/pkg_resources/_vendor/__init__.py",
        "path_type": "hardlink",
        "sha256": "e3b0c44298fc1c149afbf4c8996fb92427ae41e4649b934ca495991b7852b855",
        "sha256_in_prefix": "e3b0c44298fc1c149afbf4c8996fb92427ae41e4649b934ca495991b7852b855",
        "size_in_bytes": 0
      },
      {
        "_path": "lib/python3.6/site-packages/pkg_resources/_vendor/__pycache__/__init__.cpython-36.pyc",
        "path_type": "hardlink",
        "sha256": "ab014b3e1bd4a04f13f14a9ec997d9de989d5b8d70dd0d160a7b47780571967c",
        "sha256_in_prefix": "ab014b3e1bd4a04f13f14a9ec997d9de989d5b8d70dd0d160a7b47780571967c",
        "size_in_bytes": 144
      },
      {
        "_path": "lib/python3.6/site-packages/pkg_resources/_vendor/__pycache__/appdirs.cpython-36.pyc",
        "path_type": "hardlink",
        "sha256": "bc5a072ba6e9ebd87507bc1c34589c4e9b5691a50e2a182a28228f15ffe6c1fb",
        "sha256_in_prefix": "bc5a072ba6e9ebd87507bc1c34589c4e9b5691a50e2a182a28228f15ffe6c1fb",
        "size_in_bytes": 20682
      },
      {
        "_path": "lib/python3.6/site-packages/pkg_resources/_vendor/__pycache__/pyparsing.cpython-36.pyc",
        "path_type": "hardlink",
        "sha256": "01a62e19cca2489291c4235c44b5492281ac9344bdaa3c76e0a9b47e560f894d",
        "sha256_in_prefix": "01a62e19cca2489291c4235c44b5492281ac9344bdaa3c76e0a9b47e560f894d",
        "size_in_bytes": 203153
      },
      {
        "_path": "lib/python3.6/site-packages/pkg_resources/_vendor/__pycache__/six.cpython-36.pyc",
        "path_type": "hardlink",
        "sha256": "a63daebeabc3547ac9fea1c7462c21491d20ade12feef8d326615f6c49bf67b6",
        "sha256_in_prefix": "a63daebeabc3547ac9fea1c7462c21491d20ade12feef8d326615f6c49bf67b6",
        "size_in_bytes": 24441
      },
      {
        "_path": "lib/python3.6/site-packages/pkg_resources/_vendor/appdirs.py",
        "path_type": "hardlink",
        "sha256": "3227af504bafde5fe6408487e52174b210e4fc13611c7cd88803eb4f72133782",
        "sha256_in_prefix": "3227af504bafde5fe6408487e52174b210e4fc13611c7cd88803eb4f72133782",
        "size_in_bytes": 24701
      },
      {
        "_path": "lib/python3.6/site-packages/pkg_resources/_vendor/packaging/__about__.py",
        "path_type": "hardlink",
        "sha256": "ce47023d337fe9370b5b436b960d35efaf91d5043f5953d39bcb33d51e3e1e33",
        "sha256_in_prefix": "ce47023d337fe9370b5b436b960d35efaf91d5043f5953d39bcb33d51e3e1e33",
        "size_in_bytes": 720
      },
      {
        "_path": "lib/python3.6/site-packages/pkg_resources/_vendor/packaging/__init__.py",
        "path_type": "hardlink",
        "sha256": "fef35a7394ebcf0b2bcdb38521b17ee5c1ea73f63668f4f60fbceb211d3a04ea",
        "sha256_in_prefix": "fef35a7394ebcf0b2bcdb38521b17ee5c1ea73f63668f4f60fbceb211d3a04ea",
        "size_in_bytes": 513
      },
      {
        "_path": "lib/python3.6/site-packages/pkg_resources/_vendor/packaging/__pycache__/__about__.cpython-36.pyc",
        "path_type": "hardlink",
        "sha256": "b12dd10269d1ce4a62b9b3041431109d6e8db95c68592ceb5ec68219d0504458",
        "sha256_in_prefix": "b12dd10269d1ce4a62b9b3041431109d6e8db95c68592ceb5ec68219d0504458",
        "size_in_bytes": 680
      },
      {
        "_path": "lib/python3.6/site-packages/pkg_resources/_vendor/packaging/__pycache__/__init__.cpython-36.pyc",
        "path_type": "hardlink",
        "sha256": "d20b2da72383b44755c05627f186bc7d4d1ddb7b68f51a3094a63f8b66db8dd2",
        "sha256_in_prefix": "d20b2da72383b44755c05627f186bc7d4d1ddb7b68f51a3094a63f8b66db8dd2",
        "size_in_bytes": 518
      },
      {
        "_path": "lib/python3.6/site-packages/pkg_resources/_vendor/packaging/__pycache__/_compat.cpython-36.pyc",
        "path_type": "hardlink",
        "sha256": "728d5db3c46e56ab87d545b52e8ec0614379a41d0b27f26b466d43d9e8dde55e",
        "sha256_in_prefix": "728d5db3c46e56ab87d545b52e8ec0614379a41d0b27f26b466d43d9e8dde55e",
        "size_in_bytes": 965
      },
      {
        "_path": "lib/python3.6/site-packages/pkg_resources/_vendor/packaging/__pycache__/_structures.cpython-36.pyc",
        "path_type": "hardlink",
        "sha256": "98ae1c0dd9ad8397a8b341956a6eea756c53e9fea88cdb307acc8c1a928591a3",
        "sha256_in_prefix": "98ae1c0dd9ad8397a8b341956a6eea756c53e9fea88cdb307acc8c1a928591a3",
        "size_in_bytes": 2822
      },
      {
        "_path": "lib/python3.6/site-packages/pkg_resources/_vendor/packaging/__pycache__/markers.cpython-36.pyc",
        "path_type": "hardlink",
        "sha256": "541f22ab9f29285fc2704c73dfc14d07130d638ed8b08125fc42b3e1ec0182c0",
        "sha256_in_prefix": "541f22ab9f29285fc2704c73dfc14d07130d638ed8b08125fc42b3e1ec0182c0",
        "size_in_bytes": 8845
      },
      {
        "_path": "lib/python3.6/site-packages/pkg_resources/_vendor/packaging/__pycache__/requirements.cpython-36.pyc",
        "path_type": "hardlink",
        "sha256": "2677fa295d2665f37107eac415d19af2c2202413881679763cab196d3db61736",
        "sha256_in_prefix": "2677fa295d2665f37107eac415d19af2c2202413881679763cab196d3db61736",
        "size_in_bytes": 3841
      },
      {
        "_path": "lib/python3.6/site-packages/pkg_resources/_vendor/packaging/__pycache__/specifiers.cpython-36.pyc",
        "path_type": "hardlink",
        "sha256": "77284fd6eb9ff090fb11a93cf9780dedbf3842c882a9458376ad8d56b1f12fdc",
        "sha256_in_prefix": "77284fd6eb9ff090fb11a93cf9780dedbf3842c882a9458376ad8d56b1f12fdc",
        "size_in_bytes": 19784
      },
      {
        "_path": "lib/python3.6/site-packages/pkg_resources/_vendor/packaging/__pycache__/utils.cpython-36.pyc",
        "path_type": "hardlink",
        "sha256": "6d5fa72992be41b03d4ef1b61cbccd527bd14e52dd00ed9e88593d279bf553cf",
        "sha256_in_prefix": "6d5fa72992be41b03d4ef1b61cbccd527bd14e52dd00ed9e88593d279bf553cf",
        "size_in_bytes": 449
      },
      {
        "_path": "lib/python3.6/site-packages/pkg_resources/_vendor/packaging/__pycache__/version.cpython-36.pyc",
        "path_type": "hardlink",
        "sha256": "97c4c3fdf14e22a821b77a90d57df651e49f9bc8510d1f1120827759e547284b",
        "sha256_in_prefix": "97c4c3fdf14e22a821b77a90d57df651e49f9bc8510d1f1120827759e547284b",
        "size_in_bytes": 10559
      },
      {
        "_path": "lib/python3.6/site-packages/pkg_resources/_vendor/packaging/_compat.py",
        "path_type": "hardlink",
        "sha256": "562fc0d2b0107876d4f9af57d2db75c909bd46a92041b0d2c73470f16954f640",
        "sha256_in_prefix": "562fc0d2b0107876d4f9af57d2db75c909bd46a92041b0d2c73470f16954f640",
        "size_in_bytes": 860
      },
      {
        "_path": "lib/python3.6/site-packages/pkg_resources/_vendor/packaging/_structures.py",
        "path_type": "hardlink",
        "sha256": "448984089e1cff04e5693618c1960b1c489e6c331a00998ad683c0461c354f9a",
        "sha256_in_prefix": "448984089e1cff04e5693618c1960b1c489e6c331a00998ad683c0461c354f9a",
        "size_in_bytes": 1416
      },
      {
        "_path": "lib/python3.6/site-packages/pkg_resources/_vendor/packaging/markers.py",
        "path_type": "hardlink",
        "sha256": "b8470106d1afcea96d82702ba9bf5ce11adc2275decc32e8b35e336c11e1589a",
        "sha256_in_prefix": "b8470106d1afcea96d82702ba9bf5ce11adc2275decc32e8b35e336c11e1589a",
        "size_in_bytes": 8248
      },
      {
        "_path": "lib/python3.6/site-packages/pkg_resources/_vendor/packaging/requirements.py",
        "path_type": "hardlink",
        "sha256": "4a290bd94ca76ec4f4aad63d96daa78277616bfb1fa34c3a5c6161021a12a1a4",
        "sha256_in_prefix": "4a290bd94ca76ec4f4aad63d96daa78277616bfb1fa34c3a5c6161021a12a1a4",
        "size_in_bytes": 4355
      },
      {
        "_path": "lib/python3.6/site-packages/pkg_resources/_vendor/packaging/specifiers.py",
        "path_type": "hardlink",
        "sha256": "4803117abcceddf2b622415909a664bb065a2ff106a8734ecf8a678b8be19cdd",
        "sha256_in_prefix": "4803117abcceddf2b622415909a664bb065a2ff106a8734ecf8a678b8be19cdd",
        "size_in_bytes": 28025
      },
      {
        "_path": "lib/python3.6/site-packages/pkg_resources/_vendor/packaging/utils.py",
        "path_type": "hardlink",
        "sha256": "de6e96bcf9ba34dc44f2b9131a69f4afbe41fc66521a0ee291a7f11ec04dd560",
        "sha256_in_prefix": "de6e96bcf9ba34dc44f2b9131a69f4afbe41fc66521a0ee291a7f11ec04dd560",
        "size_in_bytes": 421
      },
      {
        "_path": "lib/python3.6/site-packages/pkg_resources/_vendor/packaging/version.py",
        "path_type": "hardlink",
        "sha256": "3b01a7c587ebda084dcd8c79f6a588064acadd29c1ea7f997ddd5768ba679ccd",
        "sha256_in_prefix": "3b01a7c587ebda084dcd8c79f6a588064acadd29c1ea7f997ddd5768ba679ccd",
        "size_in_bytes": 11556
      },
      {
        "_path": "lib/python3.6/site-packages/pkg_resources/_vendor/pyparsing.py",
        "path_type": "hardlink",
        "sha256": "b66ae9fa5bbea8ed62ef967320de40d769ca4510f50a6e15a64fb92d1f6b8a6b",
        "sha256_in_prefix": "b66ae9fa5bbea8ed62ef967320de40d769ca4510f50a6e15a64fb92d1f6b8a6b",
        "size_in_bytes": 232055
      },
      {
        "_path": "lib/python3.6/site-packages/pkg_resources/_vendor/six.py",
        "path_type": "hardlink",
        "sha256": "03a85d259563237b7f81e79b67d07352fc11ac85e8d257f0cd094cd8b70ac9ab",
        "sha256_in_prefix": "03a85d259563237b7f81e79b67d07352fc11ac85e8d257f0cd094cd8b70ac9ab",
        "size_in_bytes": 30098
      },
      {
        "_path": "lib/python3.6/site-packages/pkg_resources/extern/__init__.py",
        "path_type": "hardlink",
        "sha256": "7078847c7b8b9a6eabb3955eff3b417cc23b2ebdf5becb3e0f8c24a85e71ce52",
        "sha256_in_prefix": "7078847c7b8b9a6eabb3955eff3b417cc23b2ebdf5becb3e0f8c24a85e71ce52",
        "size_in_bytes": 2498
      },
      {
        "_path": "lib/python3.6/site-packages/pkg_resources/extern/__pycache__/__init__.cpython-36.pyc",
        "path_type": "hardlink",
        "sha256": "167a6ef0faa9a88275dc83be8c2919fae4130e184a36dde3353b1066ab5cdf1f",
        "sha256_in_prefix": "167a6ef0faa9a88275dc83be8c2919fae4130e184a36dde3353b1066ab5cdf1f",
        "size_in_bytes": 2379
      },
      {
        "_path": "lib/python3.6/site-packages/pkg_resources/py31compat.py",
        "path_type": "hardlink",
        "sha256": "f964347b8737446fda71d8700b780b89784ffe58381b9abb5d89199108348315",
        "sha256_in_prefix": "f964347b8737446fda71d8700b780b89784ffe58381b9abb5d89199108348315",
        "size_in_bytes": 558
      },
      {
        "_path": "lib/python3.6/site-packages/setuptools-40.4.3-py3.6.egg-info/PKG-INFO",
        "path_type": "hardlink",
        "sha256": "9bda25516ebf4521b32e4fb4641428cbfffc9b8fc799ff447dbd61dcffe7c588",
        "sha256_in_prefix": "9bda25516ebf4521b32e4fb4641428cbfffc9b8fc799ff447dbd61dcffe7c588",
        "size_in_bytes": 3381
      },
      {
        "_path": "lib/python3.6/site-packages/setuptools-40.4.3-py3.6.egg-info/SOURCES.txt",
        "path_type": "hardlink",
        "sha256": "ad45d5054289ee2e37ec5d3e7be89ebc2ca26ac49da51c5a78fdcff9f26bec56",
        "sha256_in_prefix": "ad45d5054289ee2e37ec5d3e7be89ebc2ca26ac49da51c5a78fdcff9f26bec56",
        "size_in_bytes": 6106
      },
      {
        "_path": "lib/python3.6/site-packages/setuptools-40.4.3-py3.6.egg-info/dependency_links.txt",
        "path_type": "hardlink",
        "sha256": "01ba4719c80b6fe911b091a7c05124b64eeece964e09c058ef8f9805daca546b",
        "sha256_in_prefix": "01ba4719c80b6fe911b091a7c05124b64eeece964e09c058ef8f9805daca546b",
        "size_in_bytes": 1
      },
      {
        "_path": "lib/python3.6/site-packages/setuptools-40.4.3-py3.6.egg-info/entry_points.txt",
        "path_type": "hardlink",
        "sha256": "b3889b4ebe7fbfffae5ae79e9a0addccb5082ff6a078e32ab200802990e46361",
        "sha256_in_prefix": "b3889b4ebe7fbfffae5ae79e9a0addccb5082ff6a078e32ab200802990e46361",
        "size_in_bytes": 2934
      },
      {
        "_path": "lib/python3.6/site-packages/setuptools-40.4.3-py3.6.egg-info/top_level.txt",
        "path_type": "hardlink",
        "sha256": "d87517555c00e0f7dfd7181316bdc6b135d729a3da3babe51baa0d27fe2ee138",
        "sha256_in_prefix": "d87517555c00e0f7dfd7181316bdc6b135d729a3da3babe51baa0d27fe2ee138",
        "size_in_bytes": 38
      },
      {
        "_path": "lib/python3.6/site-packages/setuptools-40.4.3-py3.6.egg-info/zip-safe",
        "path_type": "hardlink",
        "sha256": "01ba4719c80b6fe911b091a7c05124b64eeece964e09c058ef8f9805daca546b",
        "sha256_in_prefix": "01ba4719c80b6fe911b091a7c05124b64eeece964e09c058ef8f9805daca546b",
        "size_in_bytes": 1
      },
      {
        "_path": "lib/python3.6/site-packages/setuptools/__init__.py",
        "path_type": "hardlink",
        "sha256": "76c643dd3fbfda1b63b550042d159ebbcdc11718c6693141d21dc83bb3c68b75",
        "sha256_in_prefix": "76c643dd3fbfda1b63b550042d159ebbcdc11718c6693141d21dc83bb3c68b75",
        "size_in_bytes": 5878
      },
      {
        "_path": "lib/python3.6/site-packages/setuptools/__pycache__/__init__.cpython-36.pyc",
        "path_type": "hardlink",
        "sha256": "6f821b140e3f1b9acccc1865f56f32857b19839464e22ff780884ac3428ce63a",
        "sha256_in_prefix": "6f821b140e3f1b9acccc1865f56f32857b19839464e22ff780884ac3428ce63a",
        "size_in_bytes": 6389
      },
      {
        "_path": "lib/python3.6/site-packages/setuptools/__pycache__/archive_util.cpython-36.pyc",
        "path_type": "hardlink",
        "sha256": "3775c5846e08e4fe1e33e96bf82d46284a27c5e3e6a40be4d79ebba6fcdcef5e",
        "sha256_in_prefix": "3775c5846e08e4fe1e33e96bf82d46284a27c5e3e6a40be4d79ebba6fcdcef5e",
        "size_in_bytes": 5087
      },
      {
        "_path": "lib/python3.6/site-packages/setuptools/__pycache__/build_meta.cpython-36.pyc",
        "path_type": "hardlink",
        "sha256": "99633dccfdd564d7635a8c7cee06bb1b3abc2a93ca0e54545762ef07f143b5c4",
        "sha256_in_prefix": "99633dccfdd564d7635a8c7cee06bb1b3abc2a93ca0e54545762ef07f143b5c4",
        "size_in_bytes": 6218
      },
      {
        "_path": "lib/python3.6/site-packages/setuptools/__pycache__/config.cpython-36.pyc",
        "path_type": "hardlink",
        "sha256": "45a824ec9d76be4ae7ae78a6ecac993d2330aa96f76375b55dace0bc81fd868b",
        "sha256_in_prefix": "45a824ec9d76be4ae7ae78a6ecac993d2330aa96f76375b55dace0bc81fd868b",
        "size_in_bytes": 15258
      },
      {
        "_path": "lib/python3.6/site-packages/setuptools/__pycache__/dep_util.cpython-36.pyc",
        "path_type": "hardlink",
        "sha256": "457d0c31d1eb14847e6ac5b84f0e9e287de4a2ea83c3eeef53520a7759301ec6",
        "sha256_in_prefix": "457d0c31d1eb14847e6ac5b84f0e9e287de4a2ea83c3eeef53520a7759301ec6",
        "size_in_bytes": 806
      },
      {
        "_path": "lib/python3.6/site-packages/setuptools/__pycache__/depends.cpython-36.pyc",
        "path_type": "hardlink",
        "sha256": "84f595611daf0a6592258c63394d7c08e1d9c33b8accc73047f09b50fb422c8c",
        "sha256_in_prefix": "84f595611daf0a6592258c63394d7c08e1d9c33b8accc73047f09b50fb422c8c",
        "size_in_bytes": 5232
      },
      {
        "_path": "lib/python3.6/site-packages/setuptools/__pycache__/dist.cpython-36.pyc",
        "path_type": "hardlink",
        "sha256": "b05a7ac300e9884c7d212ade2ecea9cf777628191bc9049c361437e36b1313f7",
        "sha256_in_prefix": "b05a7ac300e9884c7d212ade2ecea9cf777628191bc9049c361437e36b1313f7",
        "size_in_bytes": 36826
      },
      {
        "_path": "lib/python3.6/site-packages/setuptools/__pycache__/extension.cpython-36.pyc",
        "path_type": "hardlink",
        "sha256": "75d6dc2fde9e86dfe1f9b4478d363cb35f3db9ca54ca7befe254c0eaadd1e0ed",
        "sha256_in_prefix": "75d6dc2fde9e86dfe1f9b4478d363cb35f3db9ca54ca7befe254c0eaadd1e0ed",
        "size_in_bytes": 1926
      },
      {
        "_path": "lib/python3.6/site-packages/setuptools/__pycache__/glibc.cpython-36.pyc",
        "path_type": "hardlink",
        "sha256": "88b2e8d6790fa6fde16d1eff3e1a02514e1f91b91aeca6219cdad79f92e52877",
        "sha256_in_prefix": "88b2e8d6790fa6fde16d1eff3e1a02514e1f91b91aeca6219cdad79f92e52877",
        "size_in_bytes": 1496
      },
      {
        "_path": "lib/python3.6/site-packages/setuptools/__pycache__/glob.cpython-36.pyc",
        "path_type": "hardlink",
        "sha256": "05606a608024622719629241e74fd2313da600faadabffb57dec33a122deca84",
        "sha256_in_prefix": "05606a608024622719629241e74fd2313da600faadabffb57dec33a122deca84",
        "size_in_bytes": 3703
      },
      {
        "_path": "lib/python3.6/site-packages/setuptools/__pycache__/launch.cpython-36.pyc",
        "path_type": "hardlink",
        "sha256": "5ad6188eabcd9131ad55a327b1935eda90eda092128241a3576985991b986db9",
        "sha256_in_prefix": "5ad6188eabcd9131ad55a327b1935eda90eda092128241a3576985991b986db9",
        "size_in_bytes": 805
      },
      {
        "_path": "lib/python3.6/site-packages/setuptools/__pycache__/lib2to3_ex.cpython-36.pyc",
        "path_type": "hardlink",
        "sha256": "a20a98924ba3c60b57ace68b850e7b9ab93ee7aa99ab247463d88c55f339e699",
        "sha256_in_prefix": "a20a98924ba3c60b57ace68b850e7b9ab93ee7aa99ab247463d88c55f339e699",
        "size_in_bytes": 2384
      },
      {
        "_path": "lib/python3.6/site-packages/setuptools/__pycache__/monkey.cpython-36.pyc",
        "path_type": "hardlink",
        "sha256": "58b7ef246057cbdb0ee88ce7418090502e2bc5298256eba71daaf5f445d382a0",
        "sha256_in_prefix": "58b7ef246057cbdb0ee88ce7418090502e2bc5298256eba71daaf5f445d382a0",
        "size_in_bytes": 4559
      },
      {
        "_path": "lib/python3.6/site-packages/setuptools/__pycache__/msvc.cpython-36.pyc",
        "path_type": "hardlink",
        "sha256": "aaa3482eaad5b5435ac4212f5a2c9b7b536295bfb10734d3cd1e82986a14adc5",
        "sha256_in_prefix": "aaa3482eaad5b5435ac4212f5a2c9b7b536295bfb10734d3cd1e82986a14adc5",
        "size_in_bytes": 34479
      },
      {
        "_path": "lib/python3.6/site-packages/setuptools/__pycache__/namespaces.cpython-36.pyc",
        "path_type": "hardlink",
        "sha256": "93d6af16b5a8583a445f1c61ef724dc73210b438cad4e97cd0c0f9f847a0f86a",
        "sha256_in_prefix": "93d6af16b5a8583a445f1c61ef724dc73210b438cad4e97cd0c0f9f847a0f86a",
        "size_in_bytes": 3629
      },
      {
        "_path": "lib/python3.6/site-packages/setuptools/__pycache__/package_index.cpython-36.pyc",
        "path_type": "hardlink",
        "sha256": "0ea22bab7f9db4d7c419b279bda15fe440be575994ec57a7c236b9289a2e61af",
        "sha256_in_prefix": "0ea22bab7f9db4d7c419b279bda15fe440be575994ec57a7c236b9289a2e61af",
        "size_in_bytes": 32637
      },
      {
        "_path": "lib/python3.6/site-packages/setuptools/__pycache__/pep425tags.cpython-36.pyc",
        "path_type": "hardlink",
        "sha256": "84d79703a2033888d8acd5aa43b0f6c6fca9af73c80491fd34851c3ff38614f1",
        "sha256_in_prefix": "84d79703a2033888d8acd5aa43b0f6c6fca9af73c80491fd34851c3ff38614f1",
        "size_in_bytes": 7295
      },
      {
        "_path": "lib/python3.6/site-packages/setuptools/__pycache__/py27compat.cpython-36.pyc",
        "path_type": "hardlink",
        "sha256": "e761d0011c19c80f27b483fedeed90c13b2294d6ed13811c9f0c1e2ee66a6f0c",
        "sha256_in_prefix": "e761d0011c19c80f27b483fedeed90c13b2294d6ed13811c9f0c1e2ee66a6f0c",
        "size_in_bytes": 762
      },
      {
        "_path": "lib/python3.6/site-packages/setuptools/__pycache__/py31compat.cpython-36.pyc",
        "path_type": "hardlink",
        "sha256": "62fef8a35de2d101257c88b1794e9cf7262d6ea2a923d8a51274fd0cfe061d35",
        "sha256_in_prefix": "62fef8a35de2d101257c88b1794e9cf7262d6ea2a923d8a51274fd0cfe061d35",
        "size_in_bytes": 1148
      },
      {
        "_path": "lib/python3.6/site-packages/setuptools/__pycache__/py33compat.cpython-36.pyc",
        "path_type": "hardlink",
        "sha256": "1899ffe4e6ca5739972be41bb5be57d14a82b75348842d70184a585f3706ac09",
        "sha256_in_prefix": "1899ffe4e6ca5739972be41bb5be57d14a82b75348842d70184a585f3706ac09",
        "size_in_bytes": 1371
      },
      {
        "_path": "lib/python3.6/site-packages/setuptools/__pycache__/py36compat.cpython-36.pyc",
        "path_type": "hardlink",
        "sha256": "d26dd019389f961fceb760c256d9394ff4226f8fb12e5195f180ed9d0807cdcf",
        "sha256_in_prefix": "d26dd019389f961fceb760c256d9394ff4226f8fb12e5195f180ed9d0807cdcf",
        "size_in_bytes": 2158
      },
      {
        "_path": "lib/python3.6/site-packages/setuptools/__pycache__/sandbox.cpython-36.pyc",
        "path_type": "hardlink",
        "sha256": "c5ffd3c6342aa29f1388d5e1ec8b41230e75c66257078fdff7926001aed725f7",
        "sha256_in_prefix": "c5ffd3c6342aa29f1388d5e1ec8b41230e75c66257078fdff7926001aed725f7",
        "size_in_bytes": 15674
      },
      {
        "_path": "lib/python3.6/site-packages/setuptools/__pycache__/site-patch.cpython-36.pyc",
        "path_type": "hardlink",
        "sha256": "2c6cd8b1834af626cc1ac7cfffd5fa3ad502522e516f2a21dea2c9732ec6fbfa",
        "sha256_in_prefix": "2c6cd8b1834af626cc1ac7cfffd5fa3ad502522e516f2a21dea2c9732ec6fbfa",
        "size_in_bytes": 1457
      },
      {
        "_path": "lib/python3.6/site-packages/setuptools/__pycache__/ssl_support.cpython-36.pyc",
        "path_type": "hardlink",
        "sha256": "20bc9c847b63f7593dee02d4e44e46a2f0a74094f4fda805b5265173fdcdab8c",
        "sha256_in_prefix": "20bc9c847b63f7593dee02d4e44e46a2f0a74094f4fda805b5265173fdcdab8c",
        "size_in_bytes": 6737
      },
      {
        "_path": "lib/python3.6/site-packages/setuptools/__pycache__/unicode_utils.cpython-36.pyc",
        "path_type": "hardlink",
        "sha256": "2f6b426d44433cb7c64a165763d88acfc3e80ddfd62adf52642aa04371a2a40b",
        "sha256_in_prefix": "2f6b426d44433cb7c64a165763d88acfc3e80ddfd62adf52642aa04371a2a40b",
        "size_in_bytes": 1120
      },
      {
        "_path": "lib/python3.6/site-packages/setuptools/__pycache__/version.cpython-36.pyc",
        "path_type": "hardlink",
        "sha256": "9e31b162b299eb1df4145ec691b071029637241db15441d358dcad0936e0cb4d",
        "sha256_in_prefix": "9e31b162b299eb1df4145ec691b071029637241db15441d358dcad0936e0cb4d",
        "size_in_bytes": 279
      },
      {
        "_path": "lib/python3.6/site-packages/setuptools/__pycache__/wheel.cpython-36.pyc",
        "path_type": "hardlink",
        "sha256": "87b20545af81e31af3f3a38a2ae609430534cbc6c5a053201078063871abb583",
        "sha256_in_prefix": "87b20545af81e31af3f3a38a2ae609430534cbc6c5a053201078063871abb583",
        "size_in_bytes": 6991
      },
      {
        "_path": "lib/python3.6/site-packages/setuptools/__pycache__/windows_support.cpython-36.pyc",
        "path_type": "hardlink",
        "sha256": "36e8137ff8327bad7acd473c78840bf02e912281f4eea1981e8b4933feb2f173",
        "sha256_in_prefix": "36e8137ff8327bad7acd473c78840bf02e912281f4eea1981e8b4933feb2f173",
        "size_in_bytes": 962
      },
      {
        "_path": "lib/python3.6/site-packages/setuptools/_vendor/__init__.py",
        "path_type": "hardlink",
        "sha256": "e3b0c44298fc1c149afbf4c8996fb92427ae41e4649b934ca495991b7852b855",
        "sha256_in_prefix": "e3b0c44298fc1c149afbf4c8996fb92427ae41e4649b934ca495991b7852b855",
        "size_in_bytes": 0
      },
      {
        "_path": "lib/python3.6/site-packages/setuptools/_vendor/__pycache__/__init__.cpython-36.pyc",
        "path_type": "hardlink",
        "sha256": "0dfbb31f67ebc7b476b9bcf727e0c157f32227bfc9bf6853dfab8b76bd7c0c07",
        "sha256_in_prefix": "0dfbb31f67ebc7b476b9bcf727e0c157f32227bfc9bf6853dfab8b76bd7c0c07",
        "size_in_bytes": 141
      },
      {
        "_path": "lib/python3.6/site-packages/setuptools/_vendor/__pycache__/pyparsing.cpython-36.pyc",
        "path_type": "hardlink",
        "sha256": "5fc6a3ea016cd6c0cac6688e647a8cb2b339c4e97d662792ecfcc0286d17267a",
        "sha256_in_prefix": "5fc6a3ea016cd6c0cac6688e647a8cb2b339c4e97d662792ecfcc0286d17267a",
        "size_in_bytes": 203150
      },
      {
        "_path": "lib/python3.6/site-packages/setuptools/_vendor/__pycache__/six.cpython-36.pyc",
        "path_type": "hardlink",
        "sha256": "0bdd652f4052b0aee2a3cacc9419c909e3cffd8122bebba5ef454c45a2c6b0ac",
        "sha256_in_prefix": "0bdd652f4052b0aee2a3cacc9419c909e3cffd8122bebba5ef454c45a2c6b0ac",
        "size_in_bytes": 24438
      },
      {
        "_path": "lib/python3.6/site-packages/setuptools/_vendor/packaging/__about__.py",
        "path_type": "hardlink",
        "sha256": "ce47023d337fe9370b5b436b960d35efaf91d5043f5953d39bcb33d51e3e1e33",
        "sha256_in_prefix": "ce47023d337fe9370b5b436b960d35efaf91d5043f5953d39bcb33d51e3e1e33",
        "size_in_bytes": 720
      },
      {
        "_path": "lib/python3.6/site-packages/setuptools/_vendor/packaging/__init__.py",
        "path_type": "hardlink",
        "sha256": "fef35a7394ebcf0b2bcdb38521b17ee5c1ea73f63668f4f60fbceb211d3a04ea",
        "sha256_in_prefix": "fef35a7394ebcf0b2bcdb38521b17ee5c1ea73f63668f4f60fbceb211d3a04ea",
        "size_in_bytes": 513
      },
      {
        "_path": "lib/python3.6/site-packages/setuptools/_vendor/packaging/__pycache__/__about__.cpython-36.pyc",
        "path_type": "hardlink",
        "sha256": "79437c1d82f527e01c825ad2786eed5b6a46054f70e8beeed4176fada35ddeb3",
        "sha256_in_prefix": "79437c1d82f527e01c825ad2786eed5b6a46054f70e8beeed4176fada35ddeb3",
        "size_in_bytes": 677
      },
      {
        "_path": "lib/python3.6/site-packages/setuptools/_vendor/packaging/__pycache__/__init__.cpython-36.pyc",
        "path_type": "hardlink",
        "sha256": "6efb00e7ec830093414980fb0a59f6eafcc9935801c20b484e90d3a81a85dd06",
        "sha256_in_prefix": "6efb00e7ec830093414980fb0a59f6eafcc9935801c20b484e90d3a81a85dd06",
        "size_in_bytes": 515
      },
      {
        "_path": "lib/python3.6/site-packages/setuptools/_vendor/packaging/__pycache__/_compat.cpython-36.pyc",
        "path_type": "hardlink",
        "sha256": "cb1c7e7ecc4798ec45af642be4a540c156c4253eeddadc5ba9cea322795045d6",
        "sha256_in_prefix": "cb1c7e7ecc4798ec45af642be4a540c156c4253eeddadc5ba9cea322795045d6",
        "size_in_bytes": 962
      },
      {
        "_path": "lib/python3.6/site-packages/setuptools/_vendor/packaging/__pycache__/_structures.cpython-36.pyc",
        "path_type": "hardlink",
        "sha256": "dd134b519ab5794fc3f09746c71c6ded56d0f754afa377bbd15257a2763c11b7",
        "sha256_in_prefix": "dd134b519ab5794fc3f09746c71c6ded56d0f754afa377bbd15257a2763c11b7",
        "size_in_bytes": 2819
      },
      {
        "_path": "lib/python3.6/site-packages/setuptools/_vendor/packaging/__pycache__/markers.cpython-36.pyc",
        "path_type": "hardlink",
        "sha256": "ceca0c382af4348e69ad94a4228c28531f529838c2e6bf2a0d0475818e2cb330",
        "sha256_in_prefix": "ceca0c382af4348e69ad94a4228c28531f529838c2e6bf2a0d0475818e2cb330",
        "size_in_bytes": 8839
      },
      {
        "_path": "lib/python3.6/site-packages/setuptools/_vendor/packaging/__pycache__/requirements.cpython-36.pyc",
        "path_type": "hardlink",
        "sha256": "f3036dab97d786e2a094589cf48166a586feb5758eaabd22a6313f8a688881b6",
        "sha256_in_prefix": "f3036dab97d786e2a094589cf48166a586feb5758eaabd22a6313f8a688881b6",
        "size_in_bytes": 3832
      },
      {
        "_path": "lib/python3.6/site-packages/setuptools/_vendor/packaging/__pycache__/specifiers.cpython-36.pyc",
        "path_type": "hardlink",
        "sha256": "8a3dc259011ad67b63c78cc55c43a1aa805a2ce1d3ef4bc8295d9a12884be0af",
        "sha256_in_prefix": "8a3dc259011ad67b63c78cc55c43a1aa805a2ce1d3ef4bc8295d9a12884be0af",
        "size_in_bytes": 19781
      },
      {
        "_path": "lib/python3.6/site-packages/setuptools/_vendor/packaging/__pycache__/utils.cpython-36.pyc",
        "path_type": "hardlink",
        "sha256": "2cf7efb6dd64d771a8cd5c4c93ccb2c84d32a39fc65910f4d4f1cbd8eebf3af8",
        "sha256_in_prefix": "2cf7efb6dd64d771a8cd5c4c93ccb2c84d32a39fc65910f4d4f1cbd8eebf3af8",
        "size_in_bytes": 446
      },
      {
        "_path": "lib/python3.6/site-packages/setuptools/_vendor/packaging/__pycache__/version.cpython-36.pyc",
        "path_type": "hardlink",
        "sha256": "7e73114030eadddb0d8f0ba6017d323d65cbdba1ea3d16d17fb6d4ad07088252",
        "sha256_in_prefix": "7e73114030eadddb0d8f0ba6017d323d65cbdba1ea3d16d17fb6d4ad07088252",
        "size_in_bytes": 10556
      },
      {
        "_path": "lib/python3.6/site-packages/setuptools/_vendor/packaging/_compat.py",
        "path_type": "hardlink",
        "sha256": "562fc0d2b0107876d4f9af57d2db75c909bd46a92041b0d2c73470f16954f640",
        "sha256_in_prefix": "562fc0d2b0107876d4f9af57d2db75c909bd46a92041b0d2c73470f16954f640",
        "size_in_bytes": 860
      },
      {
        "_path": "lib/python3.6/site-packages/setuptools/_vendor/packaging/_structures.py",
        "path_type": "hardlink",
        "sha256": "448984089e1cff04e5693618c1960b1c489e6c331a00998ad683c0461c354f9a",
        "sha256_in_prefix": "448984089e1cff04e5693618c1960b1c489e6c331a00998ad683c0461c354f9a",
        "size_in_bytes": 1416
      },
      {
        "_path": "lib/python3.6/site-packages/setuptools/_vendor/packaging/markers.py",
        "path_type": "hardlink",
        "sha256": "1afa64f44636d3229a31388a81067cc85104a6876a560558b5f7a4a2273562db",
        "sha256_in_prefix": "1afa64f44636d3229a31388a81067cc85104a6876a560558b5f7a4a2273562db",
        "size_in_bytes": 8239
      },
      {
        "_path": "lib/python3.6/site-packages/setuptools/_vendor/packaging/requirements.py",
        "path_type": "hardlink",
        "sha256": "b78e0cd87556b6bf29848cf63a19c82f3b864f7ad30136a8bdcb55d5da675488",
        "sha256_in_prefix": "b78e0cd87556b6bf29848cf63a19c82f3b864f7ad30136a8bdcb55d5da675488",
        "size_in_bytes": 4343
      },
      {
        "_path": "lib/python3.6/site-packages/setuptools/_vendor/packaging/specifiers.py",
        "path_type": "hardlink",
        "sha256": "4803117abcceddf2b622415909a664bb065a2ff106a8734ecf8a678b8be19cdd",
        "sha256_in_prefix": "4803117abcceddf2b622415909a664bb065a2ff106a8734ecf8a678b8be19cdd",
        "size_in_bytes": 28025
      },
      {
        "_path": "lib/python3.6/site-packages/setuptools/_vendor/packaging/utils.py",
        "path_type": "hardlink",
        "sha256": "de6e96bcf9ba34dc44f2b9131a69f4afbe41fc66521a0ee291a7f11ec04dd560",
        "sha256_in_prefix": "de6e96bcf9ba34dc44f2b9131a69f4afbe41fc66521a0ee291a7f11ec04dd560",
        "size_in_bytes": 421
      },
      {
        "_path": "lib/python3.6/site-packages/setuptools/_vendor/packaging/version.py",
        "path_type": "hardlink",
        "sha256": "3b01a7c587ebda084dcd8c79f6a588064acadd29c1ea7f997ddd5768ba679ccd",
        "sha256_in_prefix": "3b01a7c587ebda084dcd8c79f6a588064acadd29c1ea7f997ddd5768ba679ccd",
        "size_in_bytes": 11556
      },
      {
        "_path": "lib/python3.6/site-packages/setuptools/_vendor/pyparsing.py",
        "path_type": "hardlink",
        "sha256": "b66ae9fa5bbea8ed62ef967320de40d769ca4510f50a6e15a64fb92d1f6b8a6b",
        "sha256_in_prefix": "b66ae9fa5bbea8ed62ef967320de40d769ca4510f50a6e15a64fb92d1f6b8a6b",
        "size_in_bytes": 232055
      },
      {
        "_path": "lib/python3.6/site-packages/setuptools/_vendor/six.py",
        "path_type": "hardlink",
        "sha256": "03a85d259563237b7f81e79b67d07352fc11ac85e8d257f0cd094cd8b70ac9ab",
        "sha256_in_prefix": "03a85d259563237b7f81e79b67d07352fc11ac85e8d257f0cd094cd8b70ac9ab",
        "size_in_bytes": 30098
      },
      {
        "_path": "lib/python3.6/site-packages/setuptools/archive_util.py",
        "path_type": "hardlink",
        "sha256": "930f086ff94a8c27273ca35b4bb87c1f3b5154ad1de5169c537aff2917559e63",
        "sha256_in_prefix": "930f086ff94a8c27273ca35b4bb87c1f3b5154ad1de5169c537aff2917559e63",
        "size_in_bytes": 6592
      },
      {
        "_path": "lib/python3.6/site-packages/setuptools/build_meta.py",
        "path_type": "hardlink",
        "sha256": "aa0e117ef819175b993ee3b554c8a81bc25184d329e5f1ebc20a60918a67cdcf",
        "sha256_in_prefix": "aa0e117ef819175b993ee3b554c8a81bc25184d329e5f1ebc20a60918a67cdcf",
        "size_in_bytes": 6021
      },
      {
        "_path": "lib/python3.6/site-packages/setuptools/cli-32.exe",
        "path_type": "hardlink",
        "sha256": "75f12ea2f30d9c0d872dade345f30f562e6d93847b6a509ba53beec6d0b2c346",
        "sha256_in_prefix": "75f12ea2f30d9c0d872dade345f30f562e6d93847b6a509ba53beec6d0b2c346",
        "size_in_bytes": 65536
      },
      {
        "_path": "lib/python3.6/site-packages/setuptools/cli-64.exe",
        "path_type": "hardlink",
        "sha256": "28b001bb9a72ae7a24242bfab248d767a1ac5dec981c672a3944f7a072375e9a",
        "sha256_in_prefix": "28b001bb9a72ae7a24242bfab248d767a1ac5dec981c672a3944f7a072375e9a",
        "size_in_bytes": 74752
      },
      {
        "_path": "lib/python3.6/site-packages/setuptools/cli.exe",
        "path_type": "hardlink",
        "sha256": "75f12ea2f30d9c0d872dade345f30f562e6d93847b6a509ba53beec6d0b2c346",
        "sha256_in_prefix": "75f12ea2f30d9c0d872dade345f30f562e6d93847b6a509ba53beec6d0b2c346",
        "size_in_bytes": 65536
      },
      {
        "_path": "lib/python3.6/site-packages/setuptools/command/__init__.py",
        "path_type": "hardlink",
        "sha256": "356cc9d00d4111e9e066955ea94c962cd9b66e4e0fdc5e222f941412b1f2ee40",
        "sha256_in_prefix": "356cc9d00d4111e9e066955ea94c962cd9b66e4e0fdc5e222f941412b1f2ee40",
        "size_in_bytes": 594
      },
      {
        "_path": "lib/python3.6/site-packages/setuptools/command/__pycache__/__init__.cpython-36.pyc",
        "path_type": "hardlink",
        "sha256": "54456a91d6931cc6a57157027f1348caa094c07a58ae8ee93ee641543ebda411",
        "sha256_in_prefix": "54456a91d6931cc6a57157027f1348caa094c07a58ae8ee93ee641543ebda411",
        "size_in_bytes": 692
      },
      {
        "_path": "lib/python3.6/site-packages/setuptools/command/__pycache__/alias.cpython-36.pyc",
        "path_type": "hardlink",
        "sha256": "805ce510415b4587486b03eb140ae9a6d1e326c9f86977d13fba2921c8250ff5",
        "sha256_in_prefix": "805ce510415b4587486b03eb140ae9a6d1e326c9f86977d13fba2921c8250ff5",
        "size_in_bytes": 2385
      },
      {
        "_path": "lib/python3.6/site-packages/setuptools/command/__pycache__/bdist_egg.cpython-36.pyc",
        "path_type": "hardlink",
        "sha256": "5b9b45693350ef911dccd8e5e6227212968cc103b9db89fc18215a4da9ee00b6",
        "sha256_in_prefix": "5b9b45693350ef911dccd8e5e6227212968cc103b9db89fc18215a4da9ee00b6",
        "size_in_bytes": 14360
      },
      {
        "_path": "lib/python3.6/site-packages/setuptools/command/__pycache__/bdist_rpm.cpython-36.pyc",
        "path_type": "hardlink",
        "sha256": "6dd87753866bcda85c39138ef6e3062ed538ba66e8941323019296015e97a89b",
        "sha256_in_prefix": "6dd87753866bcda85c39138ef6e3062ed538ba66e8941323019296015e97a89b",
        "size_in_bytes": 1728
      },
      {
        "_path": "lib/python3.6/site-packages/setuptools/command/__pycache__/bdist_wininst.cpython-36.pyc",
        "path_type": "hardlink",
        "sha256": "43c25d458bd0536fbaaa38b493c4c858590f6fd5af4c5ea3f3e1334ba9614730",
        "sha256_in_prefix": "43c25d458bd0536fbaaa38b493c4c858590f6fd5af4c5ea3f3e1334ba9614730",
        "size_in_bytes": 929
      },
      {
        "_path": "lib/python3.6/site-packages/setuptools/command/__pycache__/build_clib.cpython-36.pyc",
        "path_type": "hardlink",
        "sha256": "1e2266ecb8ce81369e6503219591cda11c53b3ba3692fb4a76414e648ad17d00",
        "sha256_in_prefix": "1e2266ecb8ce81369e6503219591cda11c53b3ba3692fb4a76414e648ad17d00",
        "size_in_bytes": 2400
      },
      {
        "_path": "lib/python3.6/site-packages/setuptools/command/__pycache__/build_ext.cpython-36.pyc",
        "path_type": "hardlink",
        "sha256": "54df777ec7f60da666a498dee428bc12920e4b7d4e75fd3ba26d063fcd2d5484",
        "sha256_in_prefix": "54df777ec7f60da666a498dee428bc12920e4b7d4e75fd3ba26d063fcd2d5484",
        "size_in_bytes": 9673
      },
      {
        "_path": "lib/python3.6/site-packages/setuptools/command/__pycache__/build_py.cpython-36.pyc",
        "path_type": "hardlink",
        "sha256": "350389fd2cc94236f802d6094dda3938b1e960ba97965a2f2f38b59382a32317",
        "sha256_in_prefix": "350389fd2cc94236f802d6094dda3938b1e960ba97965a2f2f38b59382a32317",
        "size_in_bytes": 8524
      },
      {
        "_path": "lib/python3.6/site-packages/setuptools/command/__pycache__/develop.cpython-36.pyc",
        "path_type": "hardlink",
        "sha256": "3eb9f398dafe223af44af9a9cd91f1f7c0bd31b7a129d0d3d05c4cc7882c1ff2",
        "sha256_in_prefix": "3eb9f398dafe223af44af9a9cd91f1f7c0bd31b7a129d0d3d05c4cc7882c1ff2",
        "size_in_bytes": 6395
      },
      {
        "_path": "lib/python3.6/site-packages/setuptools/command/__pycache__/dist_info.cpython-36.pyc",
        "path_type": "hardlink",
        "sha256": "107642cea45c244960fcd15e3e6fb325bc4f71ef5dca8a56dd4fa7934da1969a",
        "sha256_in_prefix": "107642cea45c244960fcd15e3e6fb325bc4f71ef5dca8a56dd4fa7934da1969a",
        "size_in_bytes": 1345
      },
      {
        "_path": "lib/python3.6/site-packages/setuptools/command/__pycache__/easy_install.cpython-36.pyc",
        "path_type": "hardlink",
        "sha256": "0356aceacdf25a89c6f9383955c57191238224a7dc3e66a63a710eb536fcb4d0",
        "sha256_in_prefix": "0356aceacdf25a89c6f9383955c57191238224a7dc3e66a63a710eb536fcb4d0",
        "size_in_bytes": 64899
      },
      {
        "_path": "lib/python3.6/site-packages/setuptools/command/__pycache__/egg_info.cpython-36.pyc",
        "path_type": "hardlink",
        "sha256": "5099c904342e2449800a3e8c2b8a9e7b420be3114a2ef95785db3d64e3547a8c",
        "sha256_in_prefix": "5099c904342e2449800a3e8c2b8a9e7b420be3114a2ef95785db3d64e3547a8c",
        "size_in_bytes": 21173
      },
      {
        "_path": "lib/python3.6/site-packages/setuptools/command/__pycache__/install.cpython-36.pyc",
        "path_type": "hardlink",
        "sha256": "db809af8ed552415a174922c8dd18f92431abb2b191d0f154ef7ef41f47bdb23",
        "sha256_in_prefix": "db809af8ed552415a174922c8dd18f92431abb2b191d0f154ef7ef41f47bdb23",
        "size_in_bytes": 3925
      },
      {
        "_path": "lib/python3.6/site-packages/setuptools/command/__pycache__/install_egg_info.cpython-36.pyc",
        "path_type": "hardlink",
        "sha256": "79c935b0e4c07446ccc81427ca1b5e81a70bcd0e3279482e331793e22a3e63b3",
        "sha256_in_prefix": "79c935b0e4c07446ccc81427ca1b5e81a70bcd0e3279482e331793e22a3e63b3",
        "size_in_bytes": 2390
      },
      {
        "_path": "lib/python3.6/site-packages/setuptools/command/__pycache__/install_lib.cpython-36.pyc",
        "path_type": "hardlink",
        "sha256": "65c28b12dd8a972704a3f42578b79d50eee9a8b041ba4e6b1ddc3119872680e9",
        "sha256_in_prefix": "65c28b12dd8a972704a3f42578b79d50eee9a8b041ba4e6b1ddc3119872680e9",
        "size_in_bytes": 4035
      },
      {
        "_path": "lib/python3.6/site-packages/setuptools/command/__pycache__/install_scripts.cpython-36.pyc",
        "path_type": "hardlink",
        "sha256": "ea9c2c19bebcdae86642978201a81639be3e85e7b5c7b2a0c4a0c4d7781b1473",
        "sha256_in_prefix": "ea9c2c19bebcdae86642978201a81639be3e85e7b5c7b2a0c4a0c4d7781b1473",
        "size_in_bytes": 2230
      },
      {
        "_path": "lib/python3.6/site-packages/setuptools/command/__pycache__/py36compat.cpython-36.pyc",
        "path_type": "hardlink",
        "sha256": "24cce628bc90ebc92a8c056d2c3412312d96df08b631e14a0dde7f8e3430d967",
        "sha256_in_prefix": "24cce628bc90ebc92a8c056d2c3412312d96df08b631e14a0dde7f8e3430d967",
        "size_in_bytes": 4575
      },
      {
        "_path": "lib/python3.6/site-packages/setuptools/command/__pycache__/register.cpython-36.pyc",
        "path_type": "hardlink",
        "sha256": "bcead6540d48159a4e100e881e1b0a287aa0e4a0fa63af424834e35ae28ca7eb",
        "sha256_in_prefix": "bcead6540d48159a4e100e881e1b0a287aa0e4a0fa63af424834e35ae28ca7eb",
        "size_in_bytes": 726
      },
      {
        "_path": "lib/python3.6/site-packages/setuptools/command/__pycache__/rotate.cpython-36.pyc",
        "path_type": "hardlink",
        "sha256": "3a065b231efceccb01d646d3b3453feebda248fffe9dac53ed40a4fa9c682fa8",
        "sha256_in_prefix": "3a065b231efceccb01d646d3b3453feebda248fffe9dac53ed40a4fa9c682fa8",
        "size_in_bytes": 2531
      },
      {
        "_path": "lib/python3.6/site-packages/setuptools/command/__pycache__/saveopts.cpython-36.pyc",
        "path_type": "hardlink",
        "sha256": "0145d890f3cc231d1ac05b0584aabb6078c6207da23a5681bb0d0c1b0754f321",
        "sha256_in_prefix": "0145d890f3cc231d1ac05b0584aabb6078c6207da23a5681bb0d0c1b0754f321",
        "size_in_bytes": 876
      },
      {
        "_path": "lib/python3.6/site-packages/setuptools/command/__pycache__/sdist.cpython-36.pyc",
        "path_type": "hardlink",
        "sha256": "fa4d22129ab33b0b2951e6b1df0f16342226686ded717d2e014ae86880000840",
        "sha256_in_prefix": "fa4d22129ab33b0b2951e6b1df0f16342226686ded717d2e014ae86880000840",
        "size_in_bytes": 6340
      },
      {
        "_path": "lib/python3.6/site-packages/setuptools/command/__pycache__/setopt.cpython-36.pyc",
        "path_type": "hardlink",
        "sha256": "e95e1d4a22994c192f1d942e967d734bf846c6ca8cd7b7c2a028fd640e21c02c",
        "sha256_in_prefix": "e95e1d4a22994c192f1d942e967d734bf846c6ca8cd7b7c2a028fd640e21c02c",
        "size_in_bytes": 4554
      },
      {
        "_path": "lib/python3.6/site-packages/setuptools/command/__pycache__/test.cpython-36.pyc",
        "path_type": "hardlink",
        "sha256": "fa14544bef7f34b1905ac9c3cf56d4ea8df22b56df93bd59cdcd52f125e282ea",
        "sha256_in_prefix": "fa14544bef7f34b1905ac9c3cf56d4ea8df22b56df93bd59cdcd52f125e282ea",
        "size_in_bytes": 8133
      },
      {
        "_path": "lib/python3.6/site-packages/setuptools/command/__pycache__/upload.cpython-36.pyc",
        "path_type": "hardlink",
        "sha256": "49799e139435a487549817d3f5640a6bd1006f1f2f3706f4f6b0670fa5c1d39b",
        "sha256_in_prefix": "49799e139435a487549817d3f5640a6bd1006f1f2f3706f4f6b0670fa5c1d39b",
        "size_in_bytes": 1666
      },
      {
        "_path": "lib/python3.6/site-packages/setuptools/command/__pycache__/upload_docs.cpython-36.pyc",
        "path_type": "hardlink",
        "sha256": "3edc2d2774f651ebe731c95c9e1093abf9f2caffc0bfb833ca021f6e61d28ff8",
        "sha256_in_prefix": "3edc2d2774f651ebe731c95c9e1093abf9f2caffc0bfb833ca021f6e61d28ff8",
        "size_in_bytes": 6052
      },
      {
        "_path": "lib/python3.6/site-packages/setuptools/command/alias.py",
        "path_type": "hardlink",
        "sha256": "2a3a44d2ccff483207bf77e965c2102beb02909cfe4ab0ba1a6ba0e9bf4d91cf",
        "sha256_in_prefix": "2a3a44d2ccff483207bf77e965c2102beb02909cfe4ab0ba1a6ba0e9bf4d91cf",
        "size_in_bytes": 2426
      },
      {
        "_path": "lib/python3.6/site-packages/setuptools/command/bdist_egg.py",
        "path_type": "hardlink",
        "sha256": "6def88069af5ce14bd8ba1a328034983391b1f70a122675663b4be8f4af604af",
        "sha256_in_prefix": "6def88069af5ce14bd8ba1a328034983391b1f70a122675663b4be8f4af604af",
        "size_in_bytes": 18167
      },
      {
        "_path": "lib/python3.6/site-packages/setuptools/command/bdist_rpm.py",
        "path_type": "hardlink",
        "sha256": "07b9744e7cc219bfb49cb966eab4b4d2358b9288c04b05667615b6c39433fc09",
        "sha256_in_prefix": "07b9744e7cc219bfb49cb966eab4b4d2358b9288c04b05667615b6c39433fc09",
        "size_in_bytes": 1508
      },
      {
        "_path": "lib/python3.6/site-packages/setuptools/command/bdist_wininst.py",
        "path_type": "hardlink",
        "sha256": "ffa773de5a41d6d636d342f128f2cceea8304c271e38c81a58517e8d6dbea66d",
        "sha256_in_prefix": "ffa773de5a41d6d636d342f128f2cceea8304c271e38c81a58517e8d6dbea66d",
        "size_in_bytes": 637
      },
      {
        "_path": "lib/python3.6/site-packages/setuptools/command/build_clib.py",
        "path_type": "hardlink",
        "sha256": "6d0f5a06bfb96523bef5f1ac1ac0cbcf49a79c5b5e1d46677ed54b921bc70ead",
        "sha256_in_prefix": "6d0f5a06bfb96523bef5f1ac1ac0cbcf49a79c5b5e1d46677ed54b921bc70ead",
        "size_in_bytes": 4484
      },
      {
        "_path": "lib/python3.6/site-packages/setuptools/command/build_ext.py",
        "path_type": "hardlink",
        "sha256": "f3509382caa3063365fc73a0089d65439befd4d20cdd1069728546a6a4f83753",
        "sha256_in_prefix": "f3509382caa3063365fc73a0089d65439befd4d20cdd1069728546a6a4f83753",
        "size_in_bytes": 12897
      },
      {
        "_path": "lib/python3.6/site-packages/setuptools/command/build_py.py",
        "path_type": "hardlink",
        "sha256": "c96c9869a4bd177a3d25b21cce7d3ae00e60d42e7f5222910f119a4ea61bb4b1",
        "sha256_in_prefix": "c96c9869a4bd177a3d25b21cce7d3ae00e60d42e7f5222910f119a4ea61bb4b1",
        "size_in_bytes": 9596
      },
      {
        "_path": "lib/python3.6/site-packages/setuptools/command/develop.py",
        "path_type": "hardlink",
        "sha256": "4a5d6230e3916c09e9e41aa25e6c8c043d2ebaf1278527ce0aa6f120f46224f7",
        "sha256_in_prefix": "4a5d6230e3916c09e9e41aa25e6c8c043d2ebaf1278527ce0aa6f120f46224f7",
        "size_in_bytes": 8060
      },
      {
        "_path": "lib/python3.6/site-packages/setuptools/command/dist_info.py",
        "path_type": "hardlink",
        "sha256": "e6dea439fadd8002d3f8fde882cb3a3c5f64f8b7b27acb9ec9cba4ddd5326672",
        "sha256_in_prefix": "e6dea439fadd8002d3f8fde882cb3a3c5f64f8b7b27acb9ec9cba4ddd5326672",
        "size_in_bytes": 960
      },
      {
        "_path": "lib/python3.6/site-packages/setuptools/command/easy_install.py",
        "path_type": "hardlink",
        "sha256": "80a7446a6bd82e59f80601ee9128f3684a026dd120e865ce9a5b4f7ad7a24a62",
        "sha256_in_prefix": "80a7446a6bd82e59f80601ee9128f3684a026dd120e865ce9a5b4f7ad7a24a62",
        "size_in_bytes": 87050
      },
      {
        "_path": "lib/python3.6/site-packages/setuptools/command/egg_info.py",
        "path_type": "hardlink",
        "sha256": "bfccb042ea48c186ae8c4a4b1f7735d0f144e163ff8299f915efba1476d00f0e",
        "sha256_in_prefix": "bfccb042ea48c186ae8c4a4b1f7735d0f144e163ff8299f915efba1476d00f0e",
        "size_in_bytes": 25085
      },
      {
        "_path": "lib/python3.6/site-packages/setuptools/command/install.py",
        "path_type": "hardlink",
        "sha256": "6b4119a4bfc0f3ae8a11d86271319bbb20ff4d8975b3291fcddaeb8becdacd3e",
        "sha256_in_prefix": "6b4119a4bfc0f3ae8a11d86271319bbb20ff4d8975b3291fcddaeb8becdacd3e",
        "size_in_bytes": 4683
      },
      {
        "_path": "lib/python3.6/site-packages/setuptools/command/install_egg_info.py",
        "path_type": "hardlink",
        "sha256": "6cc81e21e4625f34380c018f575df6f24723c108c78ce594e059e00162d5efc4",
        "sha256_in_prefix": "6cc81e21e4625f34380c018f575df6f24723c108c78ce594e059e00162d5efc4",
        "size_in_bytes": 2203
      },
      {
        "_path": "lib/python3.6/site-packages/setuptools/command/install_lib.py",
        "path_type": "hardlink",
        "sha256": "d759b17f40a1d7636cb98c12f0f1f05c146fca1ebbd5000ce1c4d187b7a9cc6d",
        "sha256_in_prefix": "d759b17f40a1d7636cb98c12f0f1f05c146fca1ebbd5000ce1c4d187b7a9cc6d",
        "size_in_bytes": 3840
      },
      {
        "_path": "lib/python3.6/site-packages/setuptools/command/install_scripts.py",
        "path_type": "hardlink",
        "sha256": "503d2b119ebceb599362121dcdcb2a2a7525f0fa33a1c5d697d5414355535a77",
        "sha256_in_prefix": "503d2b119ebceb599362121dcdcb2a2a7525f0fa33a1c5d697d5414355535a77",
        "size_in_bytes": 2439
      },
      {
        "_path": "lib/python3.6/site-packages/setuptools/command/launcher manifest.xml",
        "path_type": "hardlink",
        "sha256": "c652db8d6ac1d35b4a0b4fa195590e2a48923dbccc9a5d9e38fb49fee7029db1",
        "sha256_in_prefix": "c652db8d6ac1d35b4a0b4fa195590e2a48923dbccc9a5d9e38fb49fee7029db1",
        "size_in_bytes": 628
      },
      {
        "_path": "lib/python3.6/site-packages/setuptools/command/py36compat.py",
        "path_type": "hardlink",
        "sha256": "4b38d970ec45ef3745513e3b66fda7ec03371fc9280f2b3fd0ea52fa7f6021f7",
        "sha256_in_prefix": "4b38d970ec45ef3745513e3b66fda7ec03371fc9280f2b3fd0ea52fa7f6021f7",
        "size_in_bytes": 4986
      },
      {
        "_path": "lib/python3.6/site-packages/setuptools/command/register.py",
        "path_type": "hardlink",
        "sha256": "2cedccbd828f13c74dd66f8a92b0511c2ebc645a0fbc0fef23c5e0a7bbefeb32",
        "sha256_in_prefix": "2cedccbd828f13c74dd66f8a92b0511c2ebc645a0fbc0fef23c5e0a7bbefeb32",
        "size_in_bytes": 534
      },
      {
        "_path": "lib/python3.6/site-packages/setuptools/command/rotate.py",
        "path_type": "hardlink",
        "sha256": "728e42d44908ecfd06193e93ab3f93d92223d8b0494d95d810ba666a8e9de0a4",
        "sha256_in_prefix": "728e42d44908ecfd06193e93ab3f93d92223d8b0494d95d810ba666a8e9de0a4",
        "size_in_bytes": 2164
      },
      {
        "_path": "lib/python3.6/site-packages/setuptools/command/saveopts.py",
        "path_type": "hardlink",
        "sha256": "cdaed00817108a628aae259ca0271b8713e3533df481207be33b932f8ef1a4fe",
        "sha256_in_prefix": "cdaed00817108a628aae259ca0271b8713e3533df481207be33b932f8ef1a4fe",
        "size_in_bytes": 658
      },
      {
        "_path": "lib/python3.6/site-packages/setuptools/command/sdist.py",
        "path_type": "hardlink",
        "sha256": "a1b0d37b60665add8f96714f65987b7b42d6bde984b1b0823bd33386b4d98e6f",
        "sha256_in_prefix": "a1b0d37b60665add8f96714f65987b7b42d6bde984b1b0823bd33386b4d98e6f",
        "size_in_bytes": 6711
      },
      {
        "_path": "lib/python3.6/site-packages/setuptools/command/setopt.py",
        "path_type": "hardlink",
        "sha256": "353583cb1fa08c317eb717f874ee7beececb3b31d5a0a47432adf7ac5c5a46bf",
        "sha256_in_prefix": "353583cb1fa08c317eb717f874ee7beececb3b31d5a0a47432adf7ac5c5a46bf",
        "size_in_bytes": 5085
      },
      {
        "_path": "lib/python3.6/site-packages/setuptools/command/test.py",
        "path_type": "hardlink",
        "sha256": "7d29793ac6564a6151dd0251bf2cb63b16dc624b8890fbf291634e845bc07140",
        "sha256_in_prefix": "7d29793ac6564a6151dd0251bf2cb63b16dc624b8890fbf291634e845bc07140",
        "size_in_bytes": 9228
      },
      {
        "_path": "lib/python3.6/site-packages/setuptools/command/upload.py",
        "path_type": "hardlink",
        "sha256": "ba792d968f1fab1f325d4ec5e612a4b213614151b5b5320ddce6c3f44443d0a1",
        "sha256_in_prefix": "ba792d968f1fab1f325d4ec5e612a4b213614151b5b5320ddce6c3f44443d0a1",
        "size_in_bytes": 1493
      },
      {
        "_path": "lib/python3.6/site-packages/setuptools/command/upload_docs.py",
        "path_type": "hardlink",
        "sha256": "a17886a6533f71428bc04e02596c3df11cc2b9f02ef2d061302f7b19e805726b",
        "sha256_in_prefix": "a17886a6533f71428bc04e02596c3df11cc2b9f02ef2d061302f7b19e805726b",
        "size_in_bytes": 7311
      },
      {
        "_path": "lib/python3.6/site-packages/setuptools/config.py",
        "path_type": "hardlink",
        "sha256": "dc1cbeb4ab52656b51d3adf080fc6dc1dacf32089f7931f53c15dff27da8098c",
        "sha256_in_prefix": "dc1cbeb4ab52656b51d3adf080fc6dc1dacf32089f7931f53c15dff27da8098c",
        "size_in_bytes": 18383
      },
      {
        "_path": "lib/python3.6/site-packages/setuptools/dep_util.py",
        "path_type": "hardlink",
        "sha256": "7e08b1bc2d51eec1f7af5de4b727fb3741402e8a845cbd5c05aae6369484a168",
        "sha256_in_prefix": "7e08b1bc2d51eec1f7af5de4b727fb3741402e8a845cbd5c05aae6369484a168",
        "size_in_bytes": 935
      },
      {
        "_path": "lib/python3.6/site-packages/setuptools/depends.py",
        "path_type": "hardlink",
        "sha256": "842f1020370cdd50e9457bd1540e8e7cbf406907f1be1c4770dff0eac03236af",
        "sha256_in_prefix": "842f1020370cdd50e9457bd1540e8e7cbf406907f1be1c4770dff0eac03236af",
        "size_in_bytes": 5837
      },
      {
        "_path": "lib/python3.6/site-packages/setuptools/dist.py",
        "path_type": "hardlink",
        "sha256": "d63de4b8d10669a0335b3d222d622dc7388dc894d90bc3207137cc67853859eb",
        "sha256_in_prefix": "d63de4b8d10669a0335b3d222d622dc7388dc894d90bc3207137cc67853859eb",
        "size_in_bytes": 42613
      },
      {
        "_path": "lib/python3.6/site-packages/setuptools/extension.py",
        "path_type": "hardlink",
        "sha256": "b9cea71c8f8cc7098d08d3db522067c9b4b2aa1a49aa36e1bce43e7a676fb7f1",
        "sha256_in_prefix": "b9cea71c8f8cc7098d08d3db522067c9b4b2aa1a49aa36e1bce43e7a676fb7f1",
        "size_in_bytes": 1729
      },
      {
        "_path": "lib/python3.6/site-packages/setuptools/extern/__init__.py",
        "path_type": "hardlink",
        "sha256": "4f178d2853127c1333069043887c7c0e1dd1cec7559af59a5e1b59d370d932cd",
        "sha256_in_prefix": "4f178d2853127c1333069043887c7c0e1dd1cec7559af59a5e1b59d370d932cd",
        "size_in_bytes": 2499
      },
      {
        "_path": "lib/python3.6/site-packages/setuptools/extern/__pycache__/__init__.cpython-36.pyc",
        "path_type": "hardlink",
        "sha256": "4dc14956f208e23c4d0b8062ae72f3fb3e9c010e343efe78474ffc1cb475a90e",
        "sha256_in_prefix": "4dc14956f208e23c4d0b8062ae72f3fb3e9c010e343efe78474ffc1cb475a90e",
        "size_in_bytes": 2375
      },
      {
        "_path": "lib/python3.6/site-packages/setuptools/glibc.py",
        "path_type": "hardlink",
        "sha256": "5fae15bc63cbd806d444ac1846c5893975c60183a217fbf6aa2c5e4e40142ee5",
        "sha256_in_prefix": "5fae15bc63cbd806d444ac1846c5893975c60183a217fbf6aa2c5e4e40142ee5",
        "size_in_bytes": 3146
      },
      {
        "_path": "lib/python3.6/site-packages/setuptools/glob.py",
        "path_type": "hardlink",
        "sha256": "a3be5c1eb3b162cbe7f39e2d852c44d31f64f09aca0ee84ffeb457955074d10e",
        "sha256_in_prefix": "a3be5c1eb3b162cbe7f39e2d852c44d31f64f09aca0ee84ffeb457955074d10e",
        "size_in_bytes": 5084
      },
      {
        "_path": "lib/python3.6/site-packages/setuptools/gui-32.exe",
        "path_type": "hardlink",
        "sha256": "5c1af46c7300e87a73dacf6cf41ce397e3f05df6bd9c7e227b4ac59f85769160",
        "sha256_in_prefix": "5c1af46c7300e87a73dacf6cf41ce397e3f05df6bd9c7e227b4ac59f85769160",
        "size_in_bytes": 65536
      },
      {
        "_path": "lib/python3.6/site-packages/setuptools/gui-64.exe",
        "path_type": "hardlink",
        "sha256": "69828c857d4824b9f850b1e0597d2c134c91114b7a0774c41dffe33b0eb23721",
        "sha256_in_prefix": "69828c857d4824b9f850b1e0597d2c134c91114b7a0774c41dffe33b0eb23721",
        "size_in_bytes": 75264
      },
      {
        "_path": "lib/python3.6/site-packages/setuptools/gui.exe",
        "path_type": "hardlink",
        "sha256": "5c1af46c7300e87a73dacf6cf41ce397e3f05df6bd9c7e227b4ac59f85769160",
        "sha256_in_prefix": "5c1af46c7300e87a73dacf6cf41ce397e3f05df6bd9c7e227b4ac59f85769160",
        "size_in_bytes": 65536
      },
      {
        "_path": "lib/python3.6/site-packages/setuptools/launch.py",
        "path_type": "hardlink",
        "sha256": "b1dede8f0841a1c083c7fc06f6b22cd0e699f07b6698553c642e8847f4b42ef8",
        "sha256_in_prefix": "b1dede8f0841a1c083c7fc06f6b22cd0e699f07b6698553c642e8847f4b42ef8",
        "size_in_bytes": 787
      },
      {
        "_path": "lib/python3.6/site-packages/setuptools/lib2to3_ex.py",
        "path_type": "hardlink",
        "sha256": "b797b5da16d1da98bd5787b35834c1e0933e0084949c63a499c9d81de937c638",
        "sha256_in_prefix": "b797b5da16d1da98bd5787b35834c1e0933e0084949c63a499c9d81de937c638",
        "size_in_bytes": 2013
      },
      {
        "_path": "lib/python3.6/site-packages/setuptools/monkey.py",
        "path_type": "hardlink",
        "sha256": "fd62582e1cfd161c2fa45e5d0d02a372c89798ebc7d2d6f9d6eb7945d0f98b87",
        "sha256_in_prefix": "fd62582e1cfd161c2fa45e5d0d02a372c89798ebc7d2d6f9d6eb7945d0f98b87",
        "size_in_bytes": 5204
      },
      {
        "_path": "lib/python3.6/site-packages/setuptools/msvc.py",
        "path_type": "hardlink",
        "sha256": "bae445699ce326de45bf7666c8a514b8bb63c75dbff06f5120b8a019e7388ab2",
        "sha256_in_prefix": "bae445699ce326de45bf7666c8a514b8bb63c75dbff06f5120b8a019e7388ab2",
        "size_in_bytes": 40838
      },
      {
        "_path": "lib/python3.6/site-packages/setuptools/namespaces.py",
        "path_type": "hardlink",
        "sha256": "17436b6eff0a093d8eaceeebc1ad37a26e0de0664a0259dc7beaebf9c80341af",
        "sha256_in_prefix": "17436b6eff0a093d8eaceeebc1ad37a26e0de0664a0259dc7beaebf9c80341af",
        "size_in_bytes": 3199
      },
      {
        "_path": "lib/python3.6/site-packages/setuptools/package_index.py",
        "path_type": "hardlink",
        "sha256": "b6e3d620cef6cb46039671402f3e6db68279a07440fc471173797be7b80bf52b",
        "sha256_in_prefix": "b6e3d620cef6cb46039671402f3e6db68279a07440fc471173797be7b80bf52b",
        "size_in_bytes": 40530
      },
      {
        "_path": "lib/python3.6/site-packages/setuptools/pep425tags.py",
        "path_type": "hardlink",
        "sha256": "6d21b09726dc229b2cc7d900bff86a0142737c4a574b3611a76bbe9c360f75b9",
        "sha256_in_prefix": "6d21b09726dc229b2cc7d900bff86a0142737c4a574b3611a76bbe9c360f75b9",
        "size_in_bytes": 10862
      },
      {
        "_path": "lib/python3.6/site-packages/setuptools/py27compat.py",
        "path_type": "hardlink",
        "sha256": "de6c3144c0e4e50e4ed6b49738445b4035e116ac032618548ad7cc5bfaa9502a",
        "sha256_in_prefix": "de6c3144c0e4e50e4ed6b49738445b4035e116ac032618548ad7cc5bfaa9502a",
        "size_in_bytes": 536
      },
      {
        "_path": "lib/python3.6/site-packages/setuptools/py31compat.py",
        "path_type": "hardlink",
        "sha256": "444beb50189b50782a23d4bec30d02f5b854fa7f0fc9a43c4a5af5fcd47169a1",
        "sha256_in_prefix": "444beb50189b50782a23d4bec30d02f5b854fa7f0fc9a43c4a5af5fcd47169a1",
        "size_in_bytes": 820
      },
      {
        "_path": "lib/python3.6/site-packages/setuptools/py33compat.py",
        "path_type": "hardlink",
        "sha256": "3ae6e395d1c91f528613508ab7591153e439e6479fb474f779ad58a0bd1949ca",
        "sha256_in_prefix": "3ae6e395d1c91f528613508ab7591153e439e6479fb474f779ad58a0bd1949ca",
        "size_in_bytes": 1195
      },
      {
        "_path": "lib/python3.6/site-packages/setuptools/py36compat.py",
        "path_type": "hardlink",
        "sha256": "5540d6c66bb9aede101e519346d005bba5b98ef7cbe960637830337a8072d0e3",
        "sha256_in_prefix": "5540d6c66bb9aede101e519346d005bba5b98ef7cbe960637830337a8072d0e3",
        "size_in_bytes": 2891
      },
      {
        "_path": "lib/python3.6/site-packages/setuptools/sandbox.py",
        "path_type": "hardlink",
        "sha256": "f546f07c42f9418e37ea8308d4bb455a8861a19f94cf01ef1b2663507fea864c",
        "sha256_in_prefix": "f546f07c42f9418e37ea8308d4bb455a8861a19f94cf01ef1b2663507fea864c",
        "size_in_bytes": 14276
      },
      {
        "_path": "lib/python3.6/site-packages/setuptools/script (dev).tmpl",
        "path_type": "hardlink",
        "sha256": "454cd0cc2414697b7074bb581d661b21098e6844b906baaad45bd403fb6efb92",
        "sha256_in_prefix": "454cd0cc2414697b7074bb581d661b21098e6844b906baaad45bd403fb6efb92",
        "size_in_bytes": 218
      },
      {
        "_path": "lib/python3.6/site-packages/setuptools/script.tmpl",
        "path_type": "hardlink",
        "sha256": "5864ede6989eccedbb73e0dbc7a9794384f715fdb4039cfbf3bda1bf76808586",
        "sha256_in_prefix": "5864ede6989eccedbb73e0dbc7a9794384f715fdb4039cfbf3bda1bf76808586",
        "size_in_bytes": 138
      },
      {
        "_path": "lib/python3.6/site-packages/setuptools/site-patch.py",
        "path_type": "hardlink",
        "sha256": "3ae9a420732ea127a74525b5dfcda4296235540c31344f3a1395bc883777e056",
        "sha256_in_prefix": "3ae9a420732ea127a74525b5dfcda4296235540c31344f3a1395bc883777e056",
        "size_in_bytes": 2302
      },
      {
        "_path": "lib/python3.6/site-packages/setuptools/ssl_support.py",
        "path_type": "hardlink",
        "sha256": "6010c9b026634a9eb60968f19929247bd927f6b8471e3db90aeb3ace12515b77",
        "sha256_in_prefix": "6010c9b026634a9eb60968f19929247bd927f6b8471e3db90aeb3ace12515b77",
        "size_in_bytes": 8492
      },
      {
        "_path": "lib/python3.6/site-packages/setuptools/unicode_utils.py",
        "path_type": "hardlink",
        "sha256": "34e899ff9843ef603ac3ee30563f1ac0714cde7e752a6c3521cfefc75e5716ac",
        "sha256_in_prefix": "34e899ff9843ef603ac3ee30563f1ac0714cde7e752a6c3521cfefc75e5716ac",
        "size_in_bytes": 996
      },
      {
        "_path": "lib/python3.6/site-packages/setuptools/version.py",
        "path_type": "hardlink",
        "sha256": "a20fdcb9941bd1023aba429915f6563e5af51e02413cf9f6bceda6fdb23d6531",
        "sha256_in_prefix": "a20fdcb9941bd1023aba429915f6563e5af51e02413cf9f6bceda6fdb23d6531",
        "size_in_bytes": 144
      },
      {
        "_path": "lib/python3.6/site-packages/setuptools/wheel.py",
        "path_type": "hardlink",
        "sha256": "03c84a4aa1d667928cd3e54ffc3b69b71a4cc5517da50c235997071a4971ab6a",
        "sha256_in_prefix": "03c84a4aa1d667928cd3e54ffc3b69b71a4cc5517da50c235997071a4971ab6a",
        "size_in_bytes": 8102
      },
      {
        "_path": "lib/python3.6/site-packages/setuptools/windows_support.py",
        "path_type": "hardlink",
        "sha256": "e46adfa923f6f9d2c6268653ab683a7422a4c90c716b69f92108979490a86041",
        "sha256_in_prefix": "e46adfa923f6f9d2c6268653ab683a7422a4c90c716b69f92108979490a86041",
        "size_in_bytes": 714
      }
    ],
    "paths_version": 1
  },
  "platform": "darwin",
  "requested_spec": "None",
  "size": 569844,
  "subdir": "osx-64",
  "timestamp": 1538579546540,
  "track_features": "",
  "url": "https://repo.anaconda.com/pkgs/main/osx-64/setuptools-40.4.3-py36_0.tar.bz2",
  "version": "40.4.3"
}