{
  "arch": "x86_64",
  "build": "py36_0",
  "build_number": 0,
  "channel": "https://repo.anaconda.com/pkgs/main/osx-64",
  "constrains": [],
  "depends": [
    "python >=3.6,<3.7.0a0",
    "setuptools"
  ],
  "extracted_package_dir": "/anaconda3/pkgs/wheel-0.32.2-py36_0",
  "features": "",
  "files": [
    "bin/wheel",
    "lib/python3.6/site-packages/wheel-0.32.2-py3.6.egg-info/PKG-INFO",
    "lib/python3.6/site-packages/wheel-0.32.2-py3.6.egg-info/SOURCES.txt",
    "lib/python3.6/site-packages/wheel-0.32.2-py3.6.egg-info/dependency_links.txt",
    "lib/python3.6/site-packages/wheel-0.32.2-py3.6.egg-info/entry_points.txt",
    "lib/python3.6/site-packages/wheel-0.32.2-py3.6.egg-info/not-zip-safe",
    "lib/python3.6/site-packages/wheel-0.32.2-py3.6.egg-info/requires.txt",
    "lib/python3.6/site-packages/wheel-0.32.2-py3.6.egg-info/top_level.txt",
    "lib/python3.6/site-packages/wheel/__init__.py",
    "lib/python3.6/site-packages/wheel/__main__.py",
    "lib/python3.6/site-packages/wheel/__pycache__/__init__.cpython-36.pyc",
    "lib/python3.6/site-packages/wheel/__pycache__/__main__.cpython-36.pyc",
    "lib/python3.6/site-packages/wheel/__pycache__/bdist_wheel.cpython-36.pyc",
    "lib/python3.6/site-packages/wheel/__pycache__/metadata.cpython-36.pyc",
    "lib/python3.6/site-packages/wheel/__pycache__/pep425tags.cpython-36.pyc",
    "lib/python3.6/site-packages/wheel/__pycache__/pkginfo.cpython-36.pyc",
    "lib/python3.6/site-packages/wheel/__pycache__/util.cpython-36.pyc",
    "lib/python3.6/site-packages/wheel/__pycache__/wheelfile.cpython-36.pyc",
    "lib/python3.6/site-packages/wheel/bdist_wheel.py",
    "lib/python3.6/site-packages/wheel/cli/__init__.py",
    "lib/python3.6/site-packages/wheel/cli/__pycache__/__init__.cpython-36.pyc",
    "lib/python3.6/site-packages/wheel/cli/__pycache__/convert.cpython-36.pyc",
    "lib/python3.6/site-packages/wheel/cli/__pycache__/install.cpython-36.pyc",
    "lib/python3.6/site-packages/wheel/cli/__pycache__/pack.cpython-36.pyc",
    "lib/python3.6/site-packages/wheel/cli/__pycache__/unpack.cpython-36.pyc",
    "lib/python3.6/site-packages/wheel/cli/convert.py",
    "lib/python3.6/site-packages/wheel/cli/install.py",
    "lib/python3.6/site-packages/wheel/cli/pack.py",
    "lib/python3.6/site-packages/wheel/cli/unpack.py",
    "lib/python3.6/site-packages/wheel/metadata.py",
    "lib/python3.6/site-packages/wheel/pep425tags.py",
    "lib/python3.6/site-packages/wheel/pkginfo.py",
    "lib/python3.6/site-packages/wheel/util.py",
    "lib/python3.6/site-packages/wheel/wheelfile.py"
  ],
  "fn": "wheel-0.32.2-py36_0.tar.bz2",
  "license": "MIT",
  "link": {
    "source": "/anaconda3/pkgs/wheel-0.32.2-py36_0",
    "type": 1
  },
  "md5": "98605459e7a4b7b804b08e1edcec0e17",
  "name": "wheel",
  "package_tarball_full_path": "/anaconda3/pkgs/wheel-0.32.2-py36_0.tar.bz2",
  "paths_data": {
    "paths": [
      {
        "_path": "bin/wheel",
        "file_mode": "text",
        "path_type": "hardlink",
        "prefix_placeholder": "/opt/anaconda1anaconda2anaconda3",
        "sha256": "a610b64038079c99d807d0accc36e2207fe932b8e1a89dddb752e787d556b2c6",
        "sha256_in_prefix": "e0bb45e9bd0fabae387686cc15495c7f0c9d3815e2b45f9faec956134cb294f7",
        "size_in_bytes": 239
      },
      {
        "_path": "lib/python3.6/site-packages/wheel-0.32.2-py3.6.egg-info/PKG-INFO",
        "path_type": "hardlink",
        "sha256": "3011bf4e334478d9ca711f7fe7cc15b5372da434a15e08bfff932b9fee862979",
        "sha256_in_prefix": "3011bf4e334478d9ca711f7fe7cc15b5372da434a15e08bfff932b9fee862979",
        "size_in_bytes": 2207
      },
      {
        "_path": "lib/python3.6/site-packages/wheel-0.32.2-py3.6.egg-info/SOURCES.txt",
        "path_type": "hardlink",
        "sha256": "4f9d2063b61570a740d24aeb85ee11b1c02a22074183b1fa51205932c4b5d5e1",
        "sha256_in_prefix": "4f9d2063b61570a740d24aeb85ee11b1c02a22074183b1fa51205932c4b5d5e1",
        "size_in_bytes": 519
      },
      {
        "_path": "lib/python3.6/site-packages/wheel-0.32.2-py3.6.egg-info/dependency_links.txt",
        "path_type": "hardlink",
        "sha256": "01ba4719c80b6fe911b091a7c05124b64eeece964e09c058ef8f9805daca546b",
        "sha256_in_prefix": "01ba4719c80b6fe911b091a7c05124b64eeece964e09c058ef8f9805daca546b",
        "size_in_bytes": 1
      },
      {
        "_path": "lib/python3.6/site-packages/wheel-0.32.2-py3.6.egg-info/entry_points.txt",
        "path_type": "hardlink",
        "sha256": "37c1db605493df2acd418781db05d60443d4845b04b4a3513da0851893f2ab27",
        "sha256_in_prefix": "37c1db605493df2acd418781db05d60443d4845b04b4a3513da0851893f2ab27",
        "size_in_bytes": 108
      },
      {
        "_path": "lib/python3.6/site-packages/wheel-0.32.2-py3.6.egg-info/not-zip-safe",
        "path_type": "hardlink",
        "sha256": "01ba4719c80b6fe911b091a7c05124b64eeece964e09c058ef8f9805daca546b",
        "sha256_in_prefix": "01ba4719c80b6fe911b091a7c05124b64eeece964e09c058ef8f9805daca546b",
        "size_in_bytes": 1
      },
      {
        "_path": "lib/python3.6/site-packages/wheel-0.32.2-py3.6.egg-info/requires.txt",
        "path_type": "hardlink",
        "sha256": "ed39738d628f8c7ad4a82ba62ae1b32f2fb9ec2bf5b3b7121eaea76a31fcceeb",
        "sha256_in_prefix": "ed39738d628f8c7ad4a82ba62ae1b32f2fb9ec2bf5b3b7121eaea76a31fcceeb",
        "size_in_bytes": 33
      },
      {
        "_path": "lib/python3.6/site-packages/wheel-0.32.2-py3.6.egg-info/top_level.txt",
        "path_type": "hardlink",
        "sha256": "1f148121b804b2d30f7b87856b0840eba32af90607328a5756802771f8dbff57",
        "sha256_in_prefix": "1f148121b804b2d30f7b87856b0840eba32af90607328a5756802771f8dbff57",
        "size_in_bytes": 6
      },
      {
        "_path": "lib/python3.6/site-packages/wheel/__init__.py",
        "path_type": "hardlink",
        "sha256": "fa2fc418eb62fb97b29c848e17a4ce693eb6056f14e18c84369c49f936f342d6",
        "sha256_in_prefix": "fa2fc418eb62fb97b29c848e17a4ce693eb6056f14e18c84369c49f936f342d6",
        "size_in_bytes": 96
      },
      {
        "_path": "lib/python3.6/site-packages/wheel/__main__.py",
        "path_type": "hardlink",
        "sha256": "945f982cee217509a85ae87879665df182f553de5149d9bbeac34b0576b4be31",
        "sha256_in_prefix": "945f982cee217509a85ae87879665df182f553de5149d9bbeac34b0576b4be31",
        "size_in_bytes": 417
      },
      {
        "_path": "lib/python3.6/site-packages/wheel/__pycache__/__init__.cpython-36.pyc",
        "path_type": "hardlink",
        "sha256": "4b24703f4ae6fa34585f70672648b91a928e42f235508e8866db0f86f6a90851",
        "sha256_in_prefix": "4b24703f4ae6fa34585f70672648b91a928e42f235508e8866db0f86f6a90851",
        "size_in_bytes": 150
      },
      {
        "_path": "lib/python3.6/site-packages/wheel/__pycache__/__main__.cpython-36.pyc",
        "path_type": "hardlink",
        "sha256": "ac81c098ee339b8470e343e068f05439f47de5db33cab0bd4e56d1317c117930",
        "sha256_in_prefix": "ac81c098ee339b8470e343e068f05439f47de5db33cab0bd4e56d1317c117930",
        "size_in_bytes": 543
      },
      {
        "_path": "lib/python3.6/site-packages/wheel/__pycache__/bdist_wheel.cpython-36.pyc",
        "path_type": "hardlink",
        "sha256": "0f586ca757806a202779ad9370af2b3bf3394ff967e257657e1f4ce50091e567",
        "sha256_in_prefix": "0f586ca757806a202779ad9370af2b3bf3394ff967e257657e1f4ce50091e567",
        "size_in_bytes": 10284
      },
      {
        "_path": "lib/python3.6/site-packages/wheel/__pycache__/metadata.cpython-36.pyc",
        "path_type": "hardlink",
        "sha256": "04173031b34ac63dc171397db8b9860a3b2399496d32db7f17f8fd881a73d7d4",
        "sha256_in_prefix": "04173031b34ac63dc171397db8b9860a3b2399496d32db7f17f8fd881a73d7d4",
        "size_in_bytes": 3716
      },
      {
        "_path": "lib/python3.6/site-packages/wheel/__pycache__/pep425tags.cpython-36.pyc",
        "path_type": "hardlink",
        "sha256": "a830fe3cd9c26cc95fae050293d17922dcd3d3e88f12e7cce640b7afbededb00",
        "sha256_in_prefix": "a830fe3cd9c26cc95fae050293d17922dcd3d3e88f12e7cce640b7afbededb00",
        "size_in_bytes": 4712
      },
      {
        "_path": "lib/python3.6/site-packages/wheel/__pycache__/pkginfo.cpython-36.pyc",
        "path_type": "hardlink",
        "sha256": "e9e8d8ba0f23c72badca6235d4e05903206b8d93abf8c9806f3bc06c51b8a297",
        "sha256_in_prefix": "e9e8d8ba0f23c72badca6235d4e05903206b8d93abf8c9806f3bc06c51b8a297",
        "size_in_bytes": 1521
      },
      {
        "_path": "lib/python3.6/site-packages/wheel/__pycache__/util.cpython-36.pyc",
        "path_type": "hardlink",
        "sha256": "f4324e85173c32506a92619541b35e81ab9c721f8686153fc0de7a55bd7fcab0",
        "sha256_in_prefix": "f4324e85173c32506a92619541b35e81ab9c721f8686153fc0de7a55bd7fcab0",
        "size_in_bytes": 1217
      },
      {
        "_path": "lib/python3.6/site-packages/wheel/__pycache__/wheelfile.cpython-36.pyc",
        "path_type": "hardlink",
        "sha256": "a9ddd295e3b32838f940cb96fd7ff7ed470a2e1f76cad07e2008c1bc0f351a71",
        "sha256_in_prefix": "a9ddd295e3b32838f940cb96fd7ff7ed470a2e1f76cad07e2008c1bc0f351a71",
        "size_in_bytes": 5340
      },
      {
        "_path": "lib/python3.6/site-packages/wheel/bdist_wheel.py",
        "path_type": "hardlink",
        "sha256": "d2133add90f4d404c431102beadd266e685fdb2f296d190c9d61a2a1e77d9fea",
        "sha256_in_prefix": "d2133add90f4d404c431102beadd266e685fdb2f296d190c9d61a2a1e77d9fea",
        "size_in_bytes": 14627
      },
      {
        "_path": "lib/python3.6/site-packages/wheel/cli/__init__.py",
        "path_type": "hardlink",
        "sha256": "0ec09792b2ff8ec4c7a11d2786673092b94d764697c34b95d0d2fec98a1842e5",
        "sha256_in_prefix": "0ec09792b2ff8ec4c7a11d2786673092b94d764697c34b95d0d2fec98a1842e5",
        "size_in_bytes": 2461
      },
      {
        "_path": "lib/python3.6/site-packages/wheel/cli/__pycache__/__init__.cpython-36.pyc",
        "path_type": "hardlink",
        "sha256": "b3518d4cd8a3db869e8c549853328c88f4d6663abb1a3e04cc01617603757b9d",
        "sha256_in_prefix": "b3518d4cd8a3db869e8c549853328c88f4d6663abb1a3e04cc01617603757b9d",
        "size_in_bytes": 2906
      },
      {
        "_path": "lib/python3.6/site-packages/wheel/cli/__pycache__/convert.cpython-36.pyc",
        "path_type": "hardlink",
        "sha256": "4d1464f5c3e9747dcfba47fc9a35751ef72738a7dd42771d44a018727f87fef6",
        "sha256_in_prefix": "4d1464f5c3e9747dcfba47fc9a35751ef72738a7dd42771d44a018727f87fef6",
        "size_in_bytes": 6166
      },
      {
        "_path": "lib/python3.6/site-packages/wheel/cli/__pycache__/install.cpython-36.pyc",
        "path_type": "hardlink",
        "sha256": "b2ba7f80522c60976cf2a8f0f72799f66c2673391325a0d7e40d900dfb09d581",
        "sha256_in_prefix": "b2ba7f80522c60976cf2a8f0f72799f66c2673391325a0d7e40d900dfb09d581",
        "size_in_bytes": 131
      },
      {
        "_path": "lib/python3.6/site-packages/wheel/cli/__pycache__/pack.cpython-36.pyc",
        "path_type": "hardlink",
        "sha256": "e2f7fa820a1c56d4e711f88e2739e8229c88461955ae546e2cda9bbf6839b768",
        "sha256_in_prefix": "e2f7fa820a1c56d4e711f88e2739e8229c88461955ae546e2cda9bbf6839b768",
        "size_in_bytes": 2416
      },
      {
        "_path": "lib/python3.6/site-packages/wheel/cli/__pycache__/unpack.cpython-36.pyc",
        "path_type": "hardlink",
        "sha256": "aa10e3108dfa2f26e273b907ba20a5175c2e59c574b5717ee25efdb0b5f46292",
        "sha256_in_prefix": "aa10e3108dfa2f26e273b907ba20a5175c2e59c574b5717ee25efdb0b5f46292",
        "size_in_bytes": 895
      },
      {
        "_path": "lib/python3.6/site-packages/wheel/cli/convert.py",
        "path_type": "hardlink",
        "sha256": "99ed25e86e204b0f840558738d2afbc96616069f6ca4ccfb9a75e5c894e25eca",
        "sha256_in_prefix": "99ed25e86e204b0f840558738d2afbc96616069f6ca4ccfb9a75e5c894e25eca",
        "size_in_bytes": 9497
      },
      {
        "_path": "lib/python3.6/site-packages/wheel/cli/install.py",
        "path_type": "hardlink",
        "sha256": "e3b0c44298fc1c149afbf4c8996fb92427ae41e4649b934ca495991b7852b855",
        "sha256_in_prefix": "e3b0c44298fc1c149afbf4c8996fb92427ae41e4649b934ca495991b7852b855",
        "size_in_bytes": 0
      },
      {
        "_path": "lib/python3.6/site-packages/wheel/cli/pack.py",
        "path_type": "hardlink",
        "sha256": "4558aae269d493cb3b47991cae05f45e7b57db36a50d37a84d20732e4df549a2",
        "sha256_in_prefix": "4558aae269d493cb3b47991cae05f45e7b57db36a50d37a84d20732e4df549a2",
        "size_in_bytes": 2145
      },
      {
        "_path": "lib/python3.6/site-packages/wheel/cli/unpack.py",
        "path_type": "hardlink",
        "sha256": "d155b34fb53fc727a74cfc0455abf1aaf75e7bddc63ef0051e747752ef756917",
        "sha256_in_prefix": "d155b34fb53fc727a74cfc0455abf1aaf75e7bddc63ef0051e747752ef756917",
        "size_in_bytes": 673
      },
      {
        "_path": "lib/python3.6/site-packages/wheel/metadata.py",
        "path_type": "hardlink",
        "sha256": "d5c3e623f43b326f803970be44e245c9b28c4005a557735ff7eddbaa24f84408",
        "sha256_in_prefix": "d5c3e623f43b326f803970be44e245c9b28c4005a557735ff7eddbaa24f84408",
        "size_in_bytes": 4690
      },
      {
        "_path": "lib/python3.6/site-packages/wheel/pep425tags.py",
        "path_type": "hardlink",
        "sha256": "25d8db9ead7b92ac0f44a24231bd84d5571c3609c2dc7ea240bed519ac643daa",
        "sha256_in_prefix": "25d8db9ead7b92ac0f44a24231bd84d5571c3609c2dc7ea240bed519ac643daa",
        "size_in_bytes": 5908
      },
      {
        "_path": "lib/python3.6/site-packages/wheel/pkginfo.py",
        "path_type": "hardlink",
        "sha256": "191efa92ea50ce7d71f6c283697b84e81e85b19e0e91f46d1bba677655cfbd0e",
        "sha256_in_prefix": "191efa92ea50ce7d71f6c283697b84e81e85b19e0e91f46d1bba677655cfbd0e",
        "size_in_bytes": 1257
      },
      {
        "_path": "lib/python3.6/site-packages/wheel/util.py",
        "path_type": "hardlink",
        "sha256": "6d8930e6831c71f6b3542a184302a491e9a8572300168477e2698a071f11d4d2",
        "sha256_in_prefix": "6d8930e6831c71f6b3542a184302a491e9a8572300168477e2698a071f11d4d2",
        "size_in_bytes": 859
      },
      {
        "_path": "lib/python3.6/site-packages/wheel/wheelfile.py",
        "path_type": "hardlink",
        "sha256": "b65b2c46cb419de738b5a0d21b63c5102f2adb4c6a3ef070480fe58dc8e0b5de",
        "sha256_in_prefix": "b65b2c46cb419de738b5a0d21b63c5102f2adb4c6a3ef070480fe58dc8e0b5de",
        "size_in_bytes": 7028
      }
    ],
    "paths_version": 1
  },
  "platform": "darwin",
  "requested_spec": "None",
  "size": 35514,
  "subdir": "osx-64",
  "timestamp": 1540228854791,
  "track_features": "",
  "url": "https://repo.anaconda.com/pkgs/main/osx-64/wheel-0.32.2-py36_0.tar.bz2",
  "version": "0.32.2"
}